-- ============================================================
-- HospitalOps_build.sql
-- Auto-generated by generate_hospital_data.py
-- seed=42 scale=1.0
-- Synthetic data only. No real patient/staff/facility data.
-- ============================================================

IF DB_ID('HospitalOps') IS NULL
BEGIN
    CREATE DATABASE HospitalOps;
END
GO

USE HospitalOps;
GO


IF OBJECT_ID('dbo.SupplyTransactions','U') IS NOT NULL DROP TABLE dbo.SupplyTransactions;
IF OBJECT_ID('dbo.SupplyInventory','U') IS NOT NULL DROP TABLE dbo.SupplyInventory;
IF OBJECT_ID('dbo.PatientSatisfactionSurveys','U') IS NOT NULL DROP TABLE dbo.PatientSatisfactionSurveys;
IF OBJECT_ID('dbo.IncidentReports','U') IS NOT NULL DROP TABLE dbo.IncidentReports;
IF OBJECT_ID('dbo.EquipmentMaintenanceLog','U') IS NOT NULL DROP TABLE dbo.EquipmentMaintenanceLog;
IF OBJECT_ID('dbo.Equipment','U') IS NOT NULL DROP TABLE dbo.Equipment;
IF OBJECT_ID('dbo.BedOccupancy','U') IS NOT NULL DROP TABLE dbo.BedOccupancy;
IF OBJECT_ID('dbo.Encounters','U') IS NOT NULL DROP TABLE dbo.Encounters;
IF OBJECT_ID('dbo.Patients','U') IS NOT NULL DROP TABLE dbo.Patients;
IF OBJECT_ID('dbo.StaffShifts','U') IS NOT NULL DROP TABLE dbo.StaffShifts;
IF OBJECT_ID('dbo.Staff','U') IS NOT NULL DROP TABLE dbo.Staff;
IF OBJECT_ID('dbo.Departments','U') IS NOT NULL DROP TABLE dbo.Departments;
GO

CREATE TABLE dbo.Departments (
    DepartmentID INT PRIMARY KEY,
    DepartmentName NVARCHAR(100) NOT NULL,
    Building NVARCHAR(50),
    FloorNumber INT,
    CostCenter NVARCHAR(20)
);

CREATE TABLE dbo.Staff (
    StaffID INT PRIMARY KEY,
    FullName NVARCHAR(100) NOT NULL,
    Role NVARCHAR(30) NOT NULL,
    DepartmentID INT NOT NULL REFERENCES dbo.Departments(DepartmentID),
    HireDate DATE,
    ShiftPattern NVARCHAR(30),
    Email NVARCHAR(150) NULL
);

CREATE TABLE dbo.StaffShifts (
    ShiftID INT PRIMARY KEY,
    StaffID INT NOT NULL REFERENCES dbo.Staff(StaffID),
    ShiftDate DATE NOT NULL,
    ShiftStart DATETIME NOT NULL,
    ShiftEnd DATETIME NOT NULL,
    DepartmentID INT NOT NULL REFERENCES dbo.Departments(DepartmentID),
    CalledInSick BIT NOT NULL DEFAULT 0
);

CREATE TABLE dbo.Patients (
    PatientID INT PRIMARY KEY,
    FullName NVARCHAR(100) NOT NULL,
    DOB DATE NOT NULL,
    Sex NVARCHAR(15),
    InsuranceType NVARCHAR(30),
    RegisteredDate DATE
    -- NOTE: no MergedIntoPatientID / MDM key. Some patients are unresolved
    -- near-duplicates by design -- see submission write-up.
);

CREATE TABLE dbo.Encounters (
    EncounterID INT PRIMARY KEY,
    PatientID INT NOT NULL REFERENCES dbo.Patients(PatientID),
    DepartmentID INT NOT NULL REFERENCES dbo.Departments(DepartmentID),
    AdmissionType NVARCHAR(30) NOT NULL,
    AdmitDateTime DATETIME NOT NULL,
    DischargeDateTime DATETIME NULL,
    AttendingStaffID INT NULL REFERENCES dbo.Staff(StaffID),
    ChiefComplaint NVARCHAR(200),
    DischargeDisposition NVARCHAR(50),
    ReferralSourceRaw NVARCHAR(50) NULL
    -- NOTE: ReferralSourceRaw is free text, NOT normalized to DepartmentID.
    -- This is intentional -- it mirrors real-world legacy free-text fields.
);

CREATE TABLE dbo.BedOccupancy (
    BedLogID INT PRIMARY KEY,
    BedID NVARCHAR(20) NOT NULL,
    DepartmentID INT NOT NULL REFERENCES dbo.Departments(DepartmentID),
    EncounterID INT NOT NULL REFERENCES dbo.Encounters(EncounterID),
    OccupiedFrom DATETIME NOT NULL,
    OccupiedTo DATETIME NULL,
    BedStatus NVARCHAR(20)
);

CREATE TABLE dbo.Equipment (
    EquipmentID INT PRIMARY KEY,
    EquipmentName NVARCHAR(100) NOT NULL,
    DepartmentID INT NOT NULL REFERENCES dbo.Departments(DepartmentID),
    PurchaseDate DATE,
    Status NVARCHAR(30)
);

CREATE TABLE dbo.EquipmentMaintenanceLog (
    LogID INT PRIMARY KEY,
    EquipmentID INT NOT NULL REFERENCES dbo.Equipment(EquipmentID),
    MaintenanceDate DATETIME NOT NULL,
    DowntimeHours DECIMAL(6,1),
    IssueNotes NVARCHAR(400),
    TechnicianStaffID INT NULL REFERENCES dbo.Staff(StaffID)
);

CREATE TABLE dbo.IncidentReports (
    IncidentID INT PRIMARY KEY,
    EncounterID INT NULL REFERENCES dbo.Encounters(EncounterID),
    DepartmentID INT NOT NULL REFERENCES dbo.Departments(DepartmentID),
    ReportedDate DATETIME NOT NULL,
    IncidentType NVARCHAR(50),
    Severity NVARCHAR(20),
    NarrativeText NVARCHAR(600)
);

CREATE TABLE dbo.PatientSatisfactionSurveys (
    SurveyID INT PRIMARY KEY,
    EncounterID INT NOT NULL REFERENCES dbo.Encounters(EncounterID),
    OverallScore INT,
    WaitTimeScore INT,
    CommunicationScore INT,
    Comments NVARCHAR(400) NULL,
    SurveyDate DATETIME
);

CREATE TABLE dbo.SupplyInventory (
    SupplyID INT PRIMARY KEY,
    ItemName NVARCHAR(100) NOT NULL,
    DepartmentID INT NOT NULL REFERENCES dbo.Departments(DepartmentID),
    UnitOfMeasure NVARCHAR(30),
    ReorderThreshold INT,
    CurrentStock INT
);

CREATE TABLE dbo.SupplyTransactions (
    TransactionID INT PRIMARY KEY,
    SupplyID INT NOT NULL REFERENCES dbo.SupplyInventory(SupplyID),
    TransactionDate DATETIME NOT NULL,
    TransactionType NVARCHAR(20),
    Quantity INT,
    StaffID INT NULL REFERENCES dbo.Staff(StaffID)
);
GO

-- Departments: 8 rows
INSERT INTO dbo.Departments (DepartmentID, DepartmentName, Building, FloorNumber, CostCenter) VALUES
(1, 'Emergency Department', 'Main', 1, 'CC-100'),
(2, 'Cardiology', 'Main', 3, 'CC-210'),
(3, 'Orthopedics', 'North', 2, 'CC-330'),
(4, 'Radiology', 'Main', 1, 'CC-140'),
(5, 'General Surgery', 'Main', 4, 'CC-410'),
(6, 'Intensive Care Unit', 'Main', 3, 'CC-300'),
(7, 'Pediatrics', 'North', 2, 'CC-350'),
(8, 'Obstetrics & Gynecology', 'North', 3, 'CC-360');
GO

-- Staff: 60 rows
INSERT INTO dbo.Staff (StaffID, FullName, Role, DepartmentID, HireDate, ShiftPattern, Email) VALUES
(1, 'Tariq Davis', 'Physician', 5, '2020-06-29', 'Rotating', 'tariq.davis@hospital'),
(2, 'Jennifer Kim', 'Nurse', 1, '2015-09-02', 'Day 7a-7p', 'jennifer.kim@stmargaret-health.org'),
(3, 'Ingrid Gonzalez', 'Support Staff', 7, '2019-12-11', 'Day 7a-7p', 'ingrid.gonzalez@stmargaret-health.org'),
(4, 'William Ramirez', 'Nurse', 5, '2018-06-27', 'Day 7a-7p', 'william.ramirez@stmargaret-health.org'),
(5, 'Fatima Miller', 'Nurse', 6, '2020-12-06', 'Swing 12-8', 'fatima.miller@stmargaret-health.org'),
(6, 'Jennifer Patel', 'Nurse', 6, '2019-04-25', 'Night 7p-7a', NULL),
(7, 'Charles Garcia', 'Nurse', 2, '2023-07-11', 'Night 7p-7a', 'charles.garcia@stmargaret-health.org'),
(8, 'Arjun Thompson', 'Nurse', 5, '2016-08-07', 'Night 7p-7a', 'arjun.thompson@stmargaret-health.org'),
(9, 'William Robinson', 'Nurse', 5, '2019-12-05', 'Night 7p-7a', 'william.robinson@stmargaret-health.org'),
(10, 'Robert Lee', 'Nurse', 5, '2016-06-26', 'Day 8-4', 'robert.lee@stmargaret-health.org'),
(11, 'Susan Young', 'Nurse', 8, '2018-03-16', 'Rotating', 'susan.young@stmargaret-health.org'),
(12, 'Thomas Kim', 'Nurse', 7, '2023-02-13', 'Swing 12-8', 'thomas.kim@hospital'),
(13, 'Jennifer Brown', 'Physician', 3, '2018-08-03', 'Rotating', 'jennifer.brown@stmargaret-health.org'),
(14, 'Ahmed King', 'Nurse', 1, '2017-07-27', 'Day 8-4', 'ahmed.king@stmargaret-health.org'),
(15, 'Linda Jackson', 'Nurse', 3, '2025-03-05', 'Day 8-4', 'linda.jackson@stmargaret-health.org'),
(16, 'Yuki Lopez', 'Technician', 2, '2021-09-10', 'Day 8-4', 'yuki.lopez@stmargaret-health.org'),
(17, 'William Wright', 'Support Staff', 1, '2022-04-09', 'Day 8-4', NULL),
(18, 'Karen Thomas', 'Physician', 4, '2016-10-07', 'Rotating', 'karen.thomas@stmargaret-health.org'),
(19, 'David Rodriguez', 'Admin', 8, '2018-09-14', 'Night 7p-7a', 'david.rodriguez@stmargaret-health.org'),
(20, 'Chidi Gonzalez', 'Support Staff', 5, '2023-12-13', 'Swing 12-8', 'chidi.gonzalez@stmargaret-health.org'),
(21, 'Linda Thomas', 'Nurse', 2, '2022-08-01', 'Night 7p-7a', 'linda.thomas@stmargaret-health.org'),
(22, 'James Jones', 'Support Staff', 1, '2020-02-19', 'Day 7a-7p', 'james.jones@stmargaret-health.org'),
(23, 'Yuki Thomas', 'Nurse', 8, '2019-10-22', 'Rotating', 'yuki.thomas@stmargaret-health.org'),
(24, 'Lars Walker', 'Nurse', 8, '2024-02-17', 'Day 8-4', 'lars.walker@stmargaret-health.org'),
(25, 'Carlos Clark', 'Nurse', 1, '2017-03-17', 'Day 7a-7p', 'carlos.clark@stmargaret-health.org'),
(26, 'Jessica Gonzalez', 'Nurse', 8, '2018-02-22', 'Day 7a-7p', 'jessica.gonzalez@stmargaret-health.org'),
(27, 'Sofia Patel', 'Physician', 1, '2015-05-01', 'Night 7p-7a', 'sofia.patel@stmargaret-health.org'),
(28, 'Mei Young', 'Technician', 4, '2023-12-30', 'Swing 12-8', 'mei.young@hospital'),
(29, 'Thomas Robinson', 'Nurse', 7, '2025-11-30', 'Day 7a-7p', 'thomas.robinson@stmargaret-health.org'),
(30, 'Dmitri Wright', 'Physician', 6, '2016-04-13', 'Rotating', 'dmitri.wright@stmargaret-health.org'),
(31, 'William Brown', 'Technician', 2, '2019-03-03', 'Night 7p-7a', 'william.brown@stmargaret-health.org'),
(32, 'Wei Davis', 'Technician', 4, '2015-11-22', 'Rotating', 'wei.davis@stmargaret-health.org'),
(33, 'Ola Lee', 'Nurse', 4, '2022-01-17', 'Day 8-4', 'ola.lee@hospital'),
(34, 'Ahmed Lee', 'Support Staff', 2, '2015-03-18', 'Day 7a-7p', 'ahmed.lee@stmargaret-health.org'),
(35, 'John Wright', 'Nurse', 5, '2017-12-21', 'Day 8-4', 'john.wright@stmargaret-health.org'),
(36, 'Charles Hernandez', 'Nurse', 5, '2015-03-06', 'Night 7p-7a', 'charles.hernandez@stmargaret-health.org'),
(37, 'Thomas Davis', 'Physician', 3, '2021-02-09', 'Night 7p-7a', 'thomas.davis@stmargaret-health.org'),
(38, 'Tariq Taylor', 'Technician', 8, '2020-08-19', 'Day 8-4', 'tariq.taylor@stmargaret-health.org'),
(39, 'Robert Smith', 'Nurse', 3, '2020-11-15', 'Swing 12-8', 'robert.smith@stmargaret-health.org'),
(40, 'Ingrid Smith', 'Physician', 2, '2018-05-06', 'Day 8-4', NULL),
(41, 'Dmitri Patel', 'Nurse', 7, '2017-11-10', 'Day 7a-7p', 'dmitri.patel@stmargaret-health.org'),
(42, 'Priya Wilson', 'Admin', 4, '2017-04-22', 'Swing 12-8', 'priya.wilson@stmargaret-health.org'),
(43, 'Hana Martinez', 'Nurse', 3, '2018-12-21', 'Day 8-4', NULL),
(44, 'Mei Thomas', 'Nurse', 3, '2017-06-04', 'Night 7p-7a', 'mei.thomas@stmargaret-health.org'),
(45, 'Richard Robinson', 'Nurse', 5, '2020-02-08', 'Night 7p-7a', NULL),
(46, 'Wei Perez', 'Nurse', 2, '2021-04-05', 'Rotating', 'wei.perez@stmargaret-health.org'),
(47, 'Ramesh Johnson', 'Physician', 5, '2019-01-02', 'Day 7a-7p', 'ramesh.johnson@stmargaret-health.org'),
(48, 'Elena Ramirez', 'Nurse', 6, '2024-10-14', 'Rotating', 'elena.ramirez@hospital'),
(49, 'Richard Taylor', 'Physician', 7, '2015-01-14', 'Night 7p-7a', 'richard.taylor@stmargaret-health.org'),
(50, 'Arjun Ramirez', 'Physician', 6, '2022-01-15', 'Day 8-4', 'arjun.ramirez@stmargaret-health.org'),
(51, 'Mei Lee', 'Nurse', 5, '2017-11-08', 'Night 7p-7a', 'mei.lee@stmargaret-health.org'),
(52, 'Hana Nguyen', 'Nurse', 7, '2015-01-04', 'Rotating', 'hana.nguyen@stmargaret-health.org'),
(53, 'Elena Lee', 'Nurse', 8, '2024-12-01', 'Night 7p-7a', 'elena.lee@stmargaret-health.org'),
(54, 'Jennifer Jackson', 'Technician', 6, '2017-02-04', 'Night 7p-7a', 'jennifer.jackson@stmargaret-health.org'),
(55, 'Elizabeth Johnson', 'Physician', 4, '2025-08-28', 'Swing 12-8', 'elizabeth.johnson@hospital'),
(56, 'Tariq Nguyen', 'Nurse', 7, '2026-02-01', 'Day 7a-7p', 'tariq.nguyen@stmargaret-health.org'),
(57, 'Michael Ramirez', 'Nurse', 3, '2025-06-02', 'Day 7a-7p', 'michael.ramirez@stmargaret-health.org'),
(58, 'Ahmed Rodriguez', 'Nurse', 6, '2024-12-04', 'Swing 12-8', 'ahmed.rodriguez@stmargaret-health.org'),
(59, 'Ingrid Lewis', 'Nurse', 8, '2025-02-03', 'Day 8-4', 'ingrid.lewis@stmargaret-health.org'),
(60, 'Ola Young', 'Admin', 4, '2021-02-27', 'Day 8-4', 'ola.young@stmargaret-health.org');
GO

-- StaffShifts: 500 rows
INSERT INTO dbo.StaffShifts (ShiftID, StaffID, ShiftDate, ShiftStart, ShiftEnd, DepartmentID, CalledInSick) VALUES
(1, 22, '2025-12-11', '2025-12-11 07:00:00', '2025-12-11 19:00:00', 1, 0),
(2, 15, '2026-01-13', '2026-01-13 08:00:00', '2026-01-13 20:00:00', 3, 1),
(3, 27, '2025-12-17', '2025-12-17 19:00:00', '2025-12-18 07:00:00', 1, 0),
(4, 14, '2026-02-01', '2026-02-01 07:00:00', '2026-02-01 19:00:00', 1, 0),
(5, 49, '2026-04-21', '2026-04-21 19:00:00', '2026-04-22 07:00:00', 7, 1),
(6, 23, '2025-11-30', '2025-11-30 19:00:00', '2025-12-01 07:00:00', 8, 0),
(7, 48, '2026-04-06', '2026-04-06 08:00:00', '2026-04-06 20:00:00', 6, 0),
(8, 18, '2026-02-09', '2026-02-09 07:00:00', '2026-02-09 19:00:00', 4, 0),
(9, 43, '2026-06-13', '2026-06-13 08:00:00', '2026-06-13 20:00:00', 3, 0),
(10, 59, '2025-09-04', '2025-09-04 07:00:00', '2025-09-04 19:00:00', 8, 0),
(11, 38, '2026-04-15', '2026-04-15 07:00:00', '2026-04-15 19:00:00', 8, 0),
(12, 9, '2026-02-22', '2026-02-22 07:00:00', '2026-02-22 19:00:00', 5, 0),
(13, 21, '2025-10-17', '2025-10-17 12:00:00', '2025-10-18 00:00:00', 2, 0),
(14, 57, '2026-01-11', '2026-01-11 19:00:00', '2026-01-12 07:00:00', 3, 0),
(15, 6, '2026-02-26', '2026-02-26 07:00:00', '2026-02-26 19:00:00', 6, 0),
(16, 23, '2025-10-23', '2025-10-23 07:00:00', '2025-10-23 19:00:00', 8, 0),
(17, 42, '2025-07-21', '2025-07-21 08:00:00', '2025-07-21 20:00:00', 4, 0),
(18, 2, '2026-05-15', '2026-05-15 08:00:00', '2026-05-15 20:00:00', 1, 0),
(19, 43, '2025-08-28', '2025-08-28 08:00:00', '2025-08-28 20:00:00', 3, 0),
(20, 17, '2026-01-05', '2026-01-05 07:00:00', '2026-01-05 19:00:00', 1, 0),
(21, 11, '2025-12-07', '2025-12-07 07:00:00', '2025-12-07 19:00:00', 8, 0),
(22, 37, '2026-06-12', '2026-06-12 19:00:00', '2026-06-13 07:00:00', 3, 0),
(23, 13, '2025-08-08', '2025-08-08 08:00:00', '2025-08-08 20:00:00', 3, 0),
(24, 50, '2025-12-02', '2025-12-02 07:00:00', '2025-12-02 19:00:00', 6, 0),
(25, 37, '2025-07-22', '2025-07-22 19:00:00', '2025-07-23 07:00:00', 3, 0),
(26, 5, '2026-03-17', '2026-03-17 12:00:00', '2026-03-18 00:00:00', 6, 1),
(27, 27, '2026-03-08', '2026-03-08 19:00:00', '2026-03-09 07:00:00', 1, 0),
(28, 41, '2026-02-21', '2026-02-21 19:00:00', '2026-02-22 07:00:00', 7, 0),
(29, 34, '2026-05-30', '2026-05-30 19:00:00', '2026-05-31 07:00:00', 2, 0),
(30, 53, '2026-04-30', '2026-04-30 12:00:00', '2026-05-01 00:00:00', 8, 0),
(31, 54, '2025-08-14', '2025-08-14 19:00:00', '2025-08-15 07:00:00', 6, 0),
(32, 30, '2026-04-18', '2026-04-18 19:00:00', '2026-04-19 07:00:00', 6, 0),
(33, 32, '2025-12-14', '2025-12-14 19:00:00', '2025-12-15 07:00:00', 4, 0),
(34, 52, '2025-11-10', '2025-11-10 12:00:00', '2025-11-11 00:00:00', 7, 0),
(35, 45, '2025-11-19', '2025-11-19 07:00:00', '2025-11-19 19:00:00', 5, 0),
(36, 13, '2025-08-13', '2025-08-13 19:00:00', '2025-08-14 07:00:00', 3, 0),
(37, 49, '2025-11-01', '2025-11-01 19:00:00', '2025-11-02 07:00:00', 7, 0),
(38, 2, '2025-08-17', '2025-08-17 08:00:00', '2025-08-17 20:00:00', 1, 0),
(39, 16, '2025-12-04', '2025-12-04 12:00:00', '2025-12-05 00:00:00', 2, 0),
(40, 34, '2025-12-24', '2025-12-24 12:00:00', '2025-12-25 00:00:00', 2, 0),
(41, 30, '2025-11-16', '2025-11-16 12:00:00', '2025-11-17 00:00:00', 6, 0),
(42, 47, '2025-10-07', '2025-10-07 07:00:00', '2025-10-07 19:00:00', 5, 0),
(43, 49, '2026-06-19', '2026-06-19 08:00:00', '2026-06-19 20:00:00', 7, 0),
(44, 31, '2025-11-19', '2025-11-19 12:00:00', '2025-11-20 00:00:00', 2, 0),
(45, 54, '2025-10-08', '2025-10-08 08:00:00', '2025-10-08 20:00:00', 6, 0),
(46, 20, '2025-07-08', '2025-07-08 08:00:00', '2025-07-08 20:00:00', 5, 0),
(47, 4, '2026-04-10', '2026-04-10 08:00:00', '2026-04-10 20:00:00', 5, 0),
(48, 49, '2026-03-09', '2026-03-09 07:00:00', '2026-03-09 19:00:00', 7, 0),
(49, 31, '2026-03-03', '2026-03-03 12:00:00', '2026-03-04 00:00:00', 2, 0),
(50, 4, '2025-11-07', '2025-11-07 07:00:00', '2025-11-07 19:00:00', 5, 0),
(51, 26, '2026-03-09', '2026-03-09 07:00:00', '2026-03-09 19:00:00', 8, 0),
(52, 52, '2026-04-15', '2026-04-15 07:00:00', '2026-04-15 19:00:00', 7, 0),
(53, 8, '2026-04-12', '2026-04-12 08:00:00', '2026-04-12 20:00:00', 5, 0),
(54, 25, '2026-02-16', '2026-02-16 12:00:00', '2026-02-17 00:00:00', 1, 0),
(55, 28, '2025-12-04', '2025-12-04 07:00:00', '2025-12-04 19:00:00', 4, 0),
(56, 48, '2025-08-20', '2025-08-20 08:00:00', '2025-08-20 20:00:00', 6, 0),
(57, 6, '2025-09-19', '2025-09-19 08:00:00', '2025-09-19 20:00:00', 6, 0),
(58, 11, '2025-07-02', '2025-07-02 19:00:00', '2025-07-03 07:00:00', 8, 0),
(59, 31, '2025-11-27', '2025-11-27 08:00:00', '2025-11-27 20:00:00', 2, 0),
(60, 19, '2026-06-25', '2026-06-25 07:00:00', '2026-06-25 19:00:00', 8, 0),
(61, 60, '2025-11-13', '2025-11-13 08:00:00', '2025-11-13 20:00:00', 4, 0),
(62, 35, '2025-10-24', '2025-10-24 08:00:00', '2025-10-24 20:00:00', 5, 0),
(63, 53, '2025-09-11', '2025-09-11 07:00:00', '2025-09-11 19:00:00', 8, 0),
(64, 20, '2026-05-01', '2026-05-01 12:00:00', '2026-05-02 00:00:00', 5, 0),
(65, 30, '2026-06-18', '2026-06-18 19:00:00', '2026-06-19 07:00:00', 6, 0),
(66, 33, '2026-04-03', '2026-04-03 19:00:00', '2026-04-04 07:00:00', 4, 0),
(67, 3, '2026-02-07', '2026-02-07 12:00:00', '2026-02-08 00:00:00', 7, 1),
(68, 15, '2026-06-11', '2026-06-11 07:00:00', '2026-06-11 19:00:00', 3, 0),
(69, 44, '2025-11-15', '2025-11-15 07:00:00', '2025-11-15 19:00:00', 3, 0),
(70, 12, '2026-02-26', '2026-02-26 19:00:00', '2026-02-27 07:00:00', 7, 0),
(71, 12, '2026-04-26', '2026-04-26 19:00:00', '2026-04-27 07:00:00', 7, 0),
(72, 31, '2025-12-26', '2025-12-26 12:00:00', '2025-12-27 00:00:00', 2, 0),
(73, 7, '2025-09-21', '2025-09-21 19:00:00', '2025-09-22 07:00:00', 2, 0),
(74, 19, '2026-06-05', '2026-06-05 07:00:00', '2026-06-05 19:00:00', 8, 0),
(75, 21, '2025-11-07', '2025-11-07 07:00:00', '2025-11-07 19:00:00', 2, 0),
(76, 26, '2026-03-21', '2026-03-21 19:00:00', '2026-03-22 07:00:00', 8, 0),
(77, 13, '2026-03-23', '2026-03-23 19:00:00', '2026-03-24 07:00:00', 3, 0),
(78, 49, '2025-07-27', '2025-07-27 12:00:00', '2025-07-28 00:00:00', 7, 0),
(79, 60, '2025-11-25', '2025-11-25 19:00:00', '2025-11-26 07:00:00', 4, 0),
(80, 41, '2026-05-08', '2026-05-08 08:00:00', '2026-05-08 20:00:00', 7, 0),
(81, 1, '2026-04-09', '2026-04-09 07:00:00', '2026-04-09 19:00:00', 5, 0),
(82, 54, '2025-08-28', '2025-08-28 07:00:00', '2025-08-28 19:00:00', 6, 0),
(83, 10, '2026-03-13', '2026-03-13 12:00:00', '2026-03-14 00:00:00', 5, 0),
(84, 31, '2026-02-27', '2026-02-27 19:00:00', '2026-02-28 07:00:00', 2, 0),
(85, 25, '2025-10-06', '2025-10-06 08:00:00', '2025-10-06 20:00:00', 1, 0),
(86, 18, '2026-01-29', '2026-01-29 12:00:00', '2026-01-30 00:00:00', 4, 0),
(87, 19, '2025-11-30', '2025-11-30 19:00:00', '2025-12-01 07:00:00', 8, 0),
(88, 29, '2026-04-02', '2026-04-02 12:00:00', '2026-04-03 00:00:00', 7, 0),
(89, 49, '2026-04-05', '2026-04-05 19:00:00', '2026-04-06 07:00:00', 7, 0),
(90, 56, '2025-10-05', '2025-10-05 19:00:00', '2025-10-06 07:00:00', 7, 0),
(91, 50, '2026-01-27', '2026-01-27 12:00:00', '2026-01-28 00:00:00', 6, 0),
(92, 46, '2026-01-12', '2026-01-12 08:00:00', '2026-01-12 20:00:00', 2, 0),
(93, 3, '2025-09-03', '2025-09-03 12:00:00', '2025-09-04 00:00:00', 7, 0),
(94, 56, '2026-02-11', '2026-02-11 19:00:00', '2026-02-12 07:00:00', 7, 1),
(95, 10, '2026-01-26', '2026-01-26 08:00:00', '2026-01-26 20:00:00', 5, 0),
(96, 51, '2025-11-13', '2025-11-13 19:00:00', '2025-11-14 07:00:00', 5, 0),
(97, 55, '2025-12-16', '2025-12-16 19:00:00', '2025-12-17 07:00:00', 4, 0),
(98, 41, '2026-03-07', '2026-03-07 07:00:00', '2026-03-07 19:00:00', 7, 0),
(99, 16, '2026-05-20', '2026-05-20 08:00:00', '2026-05-20 20:00:00', 2, 0),
(100, 28, '2025-08-20', '2025-08-20 07:00:00', '2025-08-20 19:00:00', 4, 0),
(101, 45, '2025-12-01', '2025-12-01 07:00:00', '2025-12-01 19:00:00', 5, 0),
(102, 4, '2025-11-28', '2025-11-28 12:00:00', '2025-11-29 00:00:00', 5, 0),
(103, 16, '2026-03-29', '2026-03-29 08:00:00', '2026-03-29 20:00:00', 2, 0),
(104, 6, '2026-05-09', '2026-05-09 08:00:00', '2026-05-09 20:00:00', 6, 0),
(105, 38, '2025-09-12', '2025-09-12 19:00:00', '2025-09-13 07:00:00', 8, 0),
(106, 30, '2025-11-08', '2025-11-08 19:00:00', '2025-11-09 07:00:00', 6, 0),
(107, 44, '2026-04-06', '2026-04-06 07:00:00', '2026-04-06 19:00:00', 3, 0),
(108, 23, '2026-04-27', '2026-04-27 19:00:00', '2026-04-28 07:00:00', 8, 0),
(109, 30, '2025-12-02', '2025-12-02 19:00:00', '2025-12-03 07:00:00', 6, 0),
(110, 7, '2025-10-30', '2025-10-30 12:00:00', '2025-10-31 00:00:00', 2, 0),
(111, 45, '2025-11-29', '2025-11-29 19:00:00', '2025-11-30 07:00:00', 5, 0),
(112, 37, '2026-06-17', '2026-06-17 19:00:00', '2026-06-18 07:00:00', 3, 0),
(113, 58, '2025-11-24', '2025-11-24 12:00:00', '2025-11-25 00:00:00', 6, 0),
(114, 13, '2026-05-14', '2026-05-14 08:00:00', '2026-05-14 20:00:00', 3, 0),
(115, 58, '2026-05-18', '2026-05-18 07:00:00', '2026-05-18 19:00:00', 6, 0),
(116, 29, '2025-07-18', '2025-07-18 12:00:00', '2025-07-19 00:00:00', 7, 0),
(117, 6, '2025-11-29', '2025-11-29 19:00:00', '2025-11-30 07:00:00', 6, 0),
(118, 9, '2026-04-03', '2026-04-03 12:00:00', '2026-04-04 00:00:00', 5, 0),
(119, 17, '2026-03-04', '2026-03-04 12:00:00', '2026-03-05 00:00:00', 1, 0),
(120, 30, '2025-08-08', '2025-08-08 08:00:00', '2025-08-08 20:00:00', 6, 0),
(121, 47, '2026-06-11', '2026-06-11 12:00:00', '2026-06-12 00:00:00', 5, 0),
(122, 26, '2025-07-08', '2025-07-08 07:00:00', '2025-07-08 19:00:00', 8, 0),
(123, 44, '2026-06-10', '2026-06-10 19:00:00', '2026-06-11 07:00:00', 3, 0),
(124, 24, '2025-08-25', '2025-08-25 19:00:00', '2025-08-26 07:00:00', 8, 1),
(125, 57, '2026-04-14', '2026-04-14 08:00:00', '2026-04-14 20:00:00', 3, 0),
(126, 41, '2026-02-23', '2026-02-23 19:00:00', '2026-02-24 07:00:00', 7, 0),
(127, 3, '2025-07-20', '2025-07-20 19:00:00', '2025-07-21 07:00:00', 7, 0),
(128, 16, '2026-04-02', '2026-04-02 19:00:00', '2026-04-03 07:00:00', 2, 0),
(129, 43, '2026-06-22', '2026-06-22 19:00:00', '2026-06-23 07:00:00', 3, 0),
(130, 47, '2025-09-18', '2025-09-18 07:00:00', '2025-09-18 19:00:00', 5, 0),
(131, 40, '2026-01-25', '2026-01-25 07:00:00', '2026-01-25 19:00:00', 2, 0),
(132, 14, '2026-02-13', '2026-02-13 08:00:00', '2026-02-13 20:00:00', 1, 0),
(133, 7, '2026-06-17', '2026-06-17 12:00:00', '2026-06-18 00:00:00', 2, 1),
(134, 18, '2025-10-06', '2025-10-06 19:00:00', '2025-10-07 07:00:00', 4, 0),
(135, 14, '2026-05-25', '2026-05-25 07:00:00', '2026-05-25 19:00:00', 1, 1),
(136, 22, '2025-11-02', '2025-11-02 08:00:00', '2025-11-02 20:00:00', 1, 1),
(137, 49, '2026-04-10', '2026-04-10 08:00:00', '2026-04-10 20:00:00', 7, 0),
(138, 15, '2025-12-16', '2025-12-16 07:00:00', '2025-12-16 19:00:00', 3, 0),
(139, 10, '2025-09-05', '2025-09-05 12:00:00', '2025-09-06 00:00:00', 5, 0),
(140, 8, '2026-06-04', '2026-06-04 08:00:00', '2026-06-04 20:00:00', 5, 1),
(141, 51, '2025-10-30', '2025-10-30 12:00:00', '2025-10-31 00:00:00', 5, 1),
(142, 17, '2025-07-27', '2025-07-27 19:00:00', '2025-07-28 07:00:00', 1, 0),
(143, 48, '2025-08-02', '2025-08-02 19:00:00', '2025-08-03 07:00:00', 6, 0),
(144, 33, '2026-04-30', '2026-04-30 19:00:00', '2026-05-01 07:00:00', 4, 0),
(145, 40, '2025-07-23', '2025-07-23 12:00:00', '2025-07-24 00:00:00', 2, 0),
(146, 2, '2025-08-01', '2025-08-01 19:00:00', '2025-08-02 07:00:00', 1, 0),
(147, 7, '2026-03-09', '2026-03-09 07:00:00', '2026-03-09 19:00:00', 2, 0),
(148, 21, '2026-05-08', '2026-05-08 07:00:00', '2026-05-08 19:00:00', 2, 0),
(149, 40, '2026-05-21', '2026-05-21 12:00:00', '2026-05-22 00:00:00', 2, 0),
(150, 39, '2026-03-29', '2026-03-29 19:00:00', '2026-03-30 07:00:00', 3, 0),
(151, 28, '2025-08-20', '2025-08-20 08:00:00', '2025-08-20 20:00:00', 4, 0),
(152, 57, '2025-10-25', '2025-10-25 12:00:00', '2025-10-26 00:00:00', 3, 0),
(153, 26, '2026-01-29', '2026-01-29 12:00:00', '2026-01-30 00:00:00', 8, 0),
(154, 43, '2025-11-08', '2025-11-08 08:00:00', '2025-11-08 20:00:00', 3, 0),
(155, 31, '2025-08-04', '2025-08-04 07:00:00', '2025-08-04 19:00:00', 2, 0),
(156, 7, '2026-01-07', '2026-01-07 07:00:00', '2026-01-07 19:00:00', 2, 0),
(157, 36, '2026-04-14', '2026-04-14 07:00:00', '2026-04-14 19:00:00', 5, 0),
(158, 56, '2026-06-06', '2026-06-06 07:00:00', '2026-06-06 19:00:00', 7, 0),
(159, 39, '2025-12-07', '2025-12-07 07:00:00', '2025-12-07 19:00:00', 3, 0),
(160, 14, '2025-09-18', '2025-09-18 19:00:00', '2025-09-19 07:00:00', 1, 0),
(161, 7, '2025-12-27', '2025-12-27 12:00:00', '2025-12-28 00:00:00', 2, 0),
(162, 18, '2026-04-20', '2026-04-20 19:00:00', '2026-04-21 07:00:00', 4, 0),
(163, 50, '2026-05-15', '2026-05-15 07:00:00', '2026-05-15 19:00:00', 6, 0),
(164, 43, '2026-06-21', '2026-06-21 07:00:00', '2026-06-21 19:00:00', 3, 0),
(165, 45, '2025-12-06', '2025-12-06 12:00:00', '2025-12-07 00:00:00', 5, 1),
(166, 56, '2025-09-12', '2025-09-12 19:00:00', '2025-09-13 07:00:00', 7, 1),
(167, 48, '2026-05-21', '2026-05-21 07:00:00', '2026-05-21 19:00:00', 6, 0),
(168, 14, '2026-01-09', '2026-01-09 19:00:00', '2026-01-10 07:00:00', 1, 0),
(169, 24, '2025-12-07', '2025-12-07 07:00:00', '2025-12-07 19:00:00', 8, 0),
(170, 10, '2025-09-19', '2025-09-19 07:00:00', '2025-09-19 19:00:00', 5, 0),
(171, 18, '2026-02-12', '2026-02-12 19:00:00', '2026-02-13 07:00:00', 4, 0),
(172, 27, '2025-11-17', '2025-11-17 07:00:00', '2025-11-17 19:00:00', 1, 0),
(173, 8, '2025-11-23', '2025-11-23 19:00:00', '2025-11-24 07:00:00', 5, 0),
(174, 20, '2025-07-24', '2025-07-24 19:00:00', '2025-07-25 07:00:00', 5, 0),
(175, 4, '2025-07-04', '2025-07-04 12:00:00', '2025-07-05 00:00:00', 5, 0),
(176, 50, '2025-09-09', '2025-09-09 12:00:00', '2025-09-10 00:00:00', 6, 0),
(177, 1, '2026-03-12', '2026-03-12 08:00:00', '2026-03-12 20:00:00', 5, 0),
(178, 35, '2026-06-26', '2026-06-26 12:00:00', '2026-06-27 00:00:00', 5, 0),
(179, 56, '2025-07-22', '2025-07-22 07:00:00', '2025-07-22 19:00:00', 7, 0),
(180, 5, '2025-12-08', '2025-12-08 19:00:00', '2025-12-09 07:00:00', 6, 0),
(181, 46, '2026-05-24', '2026-05-24 12:00:00', '2026-05-25 00:00:00', 2, 0),
(182, 2, '2025-12-14', '2025-12-14 19:00:00', '2025-12-15 07:00:00', 1, 0),
(183, 59, '2026-01-02', '2026-01-02 19:00:00', '2026-01-03 07:00:00', 8, 0),
(184, 16, '2026-02-09', '2026-02-09 19:00:00', '2026-02-10 07:00:00', 2, 0),
(185, 26, '2025-12-06', '2025-12-06 08:00:00', '2025-12-06 20:00:00', 8, 0),
(186, 11, '2025-08-09', '2025-08-09 07:00:00', '2025-08-09 19:00:00', 8, 0),
(187, 13, '2025-12-26', '2025-12-26 08:00:00', '2025-12-26 20:00:00', 3, 0),
(188, 10, '2025-11-09', '2025-11-09 08:00:00', '2025-11-09 20:00:00', 5, 0),
(189, 49, '2026-06-01', '2026-06-01 08:00:00', '2026-06-01 20:00:00', 7, 0),
(190, 41, '2026-03-10', '2026-03-10 19:00:00', '2026-03-11 07:00:00', 7, 0),
(191, 57, '2026-04-16', '2026-04-16 12:00:00', '2026-04-17 00:00:00', 3, 0),
(192, 41, '2025-12-09', '2025-12-09 19:00:00', '2025-12-10 07:00:00', 7, 1),
(193, 29, '2026-05-20', '2026-05-20 12:00:00', '2026-05-21 00:00:00', 7, 0),
(194, 23, '2026-03-17', '2026-03-17 12:00:00', '2026-03-18 00:00:00', 8, 0),
(195, 3, '2025-07-30', '2025-07-30 12:00:00', '2025-07-31 00:00:00', 7, 0),
(196, 56, '2025-08-16', '2025-08-16 19:00:00', '2025-08-17 07:00:00', 7, 0),
(197, 36, '2025-07-22', '2025-07-22 08:00:00', '2025-07-22 20:00:00', 5, 0),
(198, 31, '2026-03-14', '2026-03-14 07:00:00', '2026-03-14 19:00:00', 2, 0),
(199, 52, '2025-12-23', '2025-12-23 08:00:00', '2025-12-23 20:00:00', 7, 1),
(200, 46, '2026-02-10', '2026-02-10 08:00:00', '2026-02-10 20:00:00', 2, 0);
INSERT INTO dbo.StaffShifts (ShiftID, StaffID, ShiftDate, ShiftStart, ShiftEnd, DepartmentID, CalledInSick) VALUES
(201, 59, '2025-11-22', '2025-11-22 19:00:00', '2025-11-23 07:00:00', 8, 0),
(202, 44, '2026-05-03', '2026-05-03 12:00:00', '2026-05-04 00:00:00', 3, 1),
(203, 7, '2026-04-12', '2026-04-12 12:00:00', '2026-04-13 00:00:00', 2, 0),
(204, 55, '2026-06-02', '2026-06-02 08:00:00', '2026-06-02 20:00:00', 4, 0),
(205, 38, '2026-06-05', '2026-06-05 12:00:00', '2026-06-06 00:00:00', 8, 0),
(206, 42, '2026-06-23', '2026-06-23 08:00:00', '2026-06-23 20:00:00', 4, 0),
(207, 6, '2025-12-06', '2025-12-06 19:00:00', '2025-12-07 07:00:00', 6, 0),
(208, 22, '2025-09-04', '2025-09-04 07:00:00', '2025-09-04 19:00:00', 1, 0),
(209, 28, '2026-03-18', '2026-03-18 07:00:00', '2026-03-18 19:00:00', 4, 0),
(210, 12, '2025-10-18', '2025-10-18 19:00:00', '2025-10-19 07:00:00', 7, 0),
(211, 9, '2025-09-18', '2025-09-18 12:00:00', '2025-09-19 00:00:00', 5, 0),
(212, 7, '2026-03-17', '2026-03-17 07:00:00', '2026-03-17 19:00:00', 2, 0),
(213, 57, '2026-05-13', '2026-05-13 19:00:00', '2026-05-14 07:00:00', 3, 0),
(214, 12, '2026-06-20', '2026-06-20 08:00:00', '2026-06-20 20:00:00', 7, 0),
(215, 3, '2026-01-27', '2026-01-27 08:00:00', '2026-01-27 20:00:00', 7, 0),
(216, 40, '2025-11-23', '2025-11-23 08:00:00', '2025-11-23 20:00:00', 2, 0),
(217, 20, '2026-02-26', '2026-02-26 12:00:00', '2026-02-27 00:00:00', 5, 0),
(218, 37, '2026-02-11', '2026-02-11 12:00:00', '2026-02-12 00:00:00', 3, 0),
(219, 33, '2026-03-28', '2026-03-28 08:00:00', '2026-03-28 20:00:00', 4, 0),
(220, 52, '2026-05-06', '2026-05-06 12:00:00', '2026-05-07 00:00:00', 7, 1),
(221, 31, '2026-01-07', '2026-01-07 07:00:00', '2026-01-07 19:00:00', 2, 0),
(222, 34, '2025-09-02', '2025-09-02 07:00:00', '2025-09-02 19:00:00', 2, 0),
(223, 18, '2026-02-16', '2026-02-16 08:00:00', '2026-02-16 20:00:00', 4, 0),
(224, 6, '2025-10-22', '2025-10-22 12:00:00', '2025-10-23 00:00:00', 6, 0),
(225, 27, '2025-07-28', '2025-07-28 12:00:00', '2025-07-29 00:00:00', 1, 0),
(226, 6, '2026-01-08', '2026-01-08 07:00:00', '2026-01-08 19:00:00', 6, 0),
(227, 7, '2026-07-01', '2026-07-01 12:00:00', '2026-07-02 00:00:00', 2, 0),
(228, 9, '2025-07-20', '2025-07-20 19:00:00', '2025-07-21 07:00:00', 5, 0),
(229, 9, '2026-06-27', '2026-06-27 19:00:00', '2026-06-28 07:00:00', 5, 0),
(230, 58, '2025-08-10', '2025-08-10 12:00:00', '2025-08-11 00:00:00', 6, 0),
(231, 10, '2026-04-07', '2026-04-07 19:00:00', '2026-04-08 07:00:00', 5, 0),
(232, 19, '2025-10-30', '2025-10-30 07:00:00', '2025-10-30 19:00:00', 8, 1),
(233, 27, '2026-05-24', '2026-05-24 19:00:00', '2026-05-25 07:00:00', 1, 1),
(234, 54, '2026-03-13', '2026-03-13 07:00:00', '2026-03-13 19:00:00', 6, 0),
(235, 37, '2025-11-01', '2025-11-01 12:00:00', '2025-11-02 00:00:00', 3, 0),
(236, 40, '2025-12-28', '2025-12-28 19:00:00', '2025-12-29 07:00:00', 2, 0),
(237, 43, '2025-08-13', '2025-08-13 12:00:00', '2025-08-14 00:00:00', 3, 1),
(238, 34, '2026-04-05', '2026-04-05 07:00:00', '2026-04-05 19:00:00', 2, 0),
(239, 31, '2025-07-23', '2025-07-23 19:00:00', '2025-07-24 07:00:00', 2, 0),
(240, 17, '2025-07-09', '2025-07-09 07:00:00', '2025-07-09 19:00:00', 1, 0),
(241, 47, '2026-06-02', '2026-06-02 07:00:00', '2026-06-02 19:00:00', 5, 0),
(242, 48, '2025-12-18', '2025-12-18 07:00:00', '2025-12-18 19:00:00', 6, 0),
(243, 22, '2026-05-26', '2026-05-26 19:00:00', '2026-05-27 07:00:00', 1, 0),
(244, 31, '2026-05-20', '2026-05-20 08:00:00', '2026-05-20 20:00:00', 2, 1),
(245, 50, '2026-02-20', '2026-02-20 12:00:00', '2026-02-21 00:00:00', 6, 0),
(246, 51, '2025-10-11', '2025-10-11 12:00:00', '2025-10-12 00:00:00', 5, 0),
(247, 33, '2026-01-20', '2026-01-20 19:00:00', '2026-01-21 07:00:00', 4, 0),
(248, 49, '2026-05-28', '2026-05-28 12:00:00', '2026-05-29 00:00:00', 7, 0),
(249, 50, '2025-07-25', '2025-07-25 12:00:00', '2025-07-26 00:00:00', 6, 0),
(250, 52, '2026-01-05', '2026-01-05 19:00:00', '2026-01-06 07:00:00', 7, 0),
(251, 58, '2026-01-14', '2026-01-14 08:00:00', '2026-01-14 20:00:00', 6, 0),
(252, 32, '2026-01-05', '2026-01-05 12:00:00', '2026-01-06 00:00:00', 4, 0),
(253, 47, '2026-02-03', '2026-02-03 19:00:00', '2026-02-04 07:00:00', 5, 0),
(254, 53, '2025-10-01', '2025-10-01 12:00:00', '2025-10-02 00:00:00', 8, 0),
(255, 6, '2025-12-15', '2025-12-15 12:00:00', '2025-12-16 00:00:00', 6, 0),
(256, 46, '2026-02-04', '2026-02-04 19:00:00', '2026-02-05 07:00:00', 2, 0),
(257, 3, '2025-12-28', '2025-12-28 19:00:00', '2025-12-29 07:00:00', 7, 0),
(258, 51, '2025-07-30', '2025-07-30 19:00:00', '2025-07-31 07:00:00', 5, 0),
(259, 52, '2026-06-13', '2026-06-13 07:00:00', '2026-06-13 19:00:00', 7, 0),
(260, 39, '2026-06-13', '2026-06-13 07:00:00', '2026-06-13 19:00:00', 3, 0),
(261, 16, '2026-05-27', '2026-05-27 12:00:00', '2026-05-28 00:00:00', 2, 0),
(262, 37, '2025-07-17', '2025-07-17 08:00:00', '2025-07-17 20:00:00', 3, 0),
(263, 24, '2026-01-07', '2026-01-07 07:00:00', '2026-01-07 19:00:00', 8, 0),
(264, 34, '2026-01-04', '2026-01-04 12:00:00', '2026-01-05 00:00:00', 2, 0),
(265, 16, '2025-08-28', '2025-08-28 08:00:00', '2025-08-28 20:00:00', 2, 0),
(266, 25, '2026-04-14', '2026-04-14 12:00:00', '2026-04-15 00:00:00', 1, 0),
(267, 46, '2026-02-14', '2026-02-14 12:00:00', '2026-02-15 00:00:00', 2, 0),
(268, 32, '2025-10-11', '2025-10-11 08:00:00', '2025-10-11 20:00:00', 4, 0),
(269, 29, '2025-09-27', '2025-09-27 07:00:00', '2025-09-27 19:00:00', 7, 0),
(270, 55, '2025-12-11', '2025-12-11 07:00:00', '2025-12-11 19:00:00', 4, 0),
(271, 19, '2025-12-01', '2025-12-01 08:00:00', '2025-12-01 20:00:00', 8, 0),
(272, 33, '2025-10-23', '2025-10-23 08:00:00', '2025-10-23 20:00:00', 4, 0),
(273, 16, '2026-03-10', '2026-03-10 12:00:00', '2026-03-11 00:00:00', 2, 0),
(274, 24, '2026-02-25', '2026-02-25 08:00:00', '2026-02-25 20:00:00', 8, 0),
(275, 6, '2025-08-03', '2025-08-03 19:00:00', '2025-08-04 07:00:00', 6, 0),
(276, 47, '2026-03-03', '2026-03-03 19:00:00', '2026-03-04 07:00:00', 5, 0),
(277, 53, '2026-04-21', '2026-04-21 08:00:00', '2026-04-21 20:00:00', 8, 0),
(278, 42, '2025-08-07', '2025-08-07 19:00:00', '2025-08-08 07:00:00', 4, 0),
(279, 23, '2025-09-04', '2025-09-04 08:00:00', '2025-09-04 20:00:00', 8, 0),
(280, 9, '2026-02-07', '2026-02-07 07:00:00', '2026-02-07 19:00:00', 5, 0),
(281, 34, '2025-09-17', '2025-09-17 08:00:00', '2025-09-17 20:00:00', 2, 0),
(282, 60, '2026-06-29', '2026-06-29 12:00:00', '2026-06-30 00:00:00', 4, 0),
(283, 34, '2025-11-23', '2025-11-23 12:00:00', '2025-11-24 00:00:00', 2, 0),
(284, 36, '2025-11-18', '2025-11-18 12:00:00', '2025-11-19 00:00:00', 5, 0),
(285, 6, '2026-03-15', '2026-03-15 08:00:00', '2026-03-15 20:00:00', 6, 0),
(286, 38, '2025-09-17', '2025-09-17 12:00:00', '2025-09-18 00:00:00', 8, 0),
(287, 37, '2025-07-22', '2025-07-22 07:00:00', '2025-07-22 19:00:00', 3, 1),
(288, 42, '2026-04-22', '2026-04-22 08:00:00', '2026-04-22 20:00:00', 4, 0),
(289, 27, '2026-05-13', '2026-05-13 07:00:00', '2026-05-13 19:00:00', 1, 0),
(290, 41, '2026-04-06', '2026-04-06 12:00:00', '2026-04-07 00:00:00', 7, 0),
(291, 52, '2026-06-16', '2026-06-16 12:00:00', '2026-06-17 00:00:00', 7, 0),
(292, 45, '2025-07-31', '2025-07-31 19:00:00', '2025-08-01 07:00:00', 5, 0),
(293, 30, '2025-10-13', '2025-10-13 08:00:00', '2025-10-13 20:00:00', 6, 0),
(294, 46, '2025-12-11', '2025-12-11 19:00:00', '2025-12-12 07:00:00', 2, 0),
(295, 24, '2026-03-21', '2026-03-21 07:00:00', '2026-03-21 19:00:00', 8, 0),
(296, 30, '2025-09-01', '2025-09-01 19:00:00', '2025-09-02 07:00:00', 6, 0),
(297, 7, '2025-07-26', '2025-07-26 19:00:00', '2025-07-27 07:00:00', 2, 0),
(298, 27, '2025-11-05', '2025-11-05 12:00:00', '2025-11-06 00:00:00', 1, 0),
(299, 47, '2025-12-08', '2025-12-08 08:00:00', '2025-12-08 20:00:00', 5, 0),
(300, 33, '2026-02-25', '2026-02-25 12:00:00', '2026-02-26 00:00:00', 4, 0),
(301, 6, '2026-01-18', '2026-01-18 19:00:00', '2026-01-19 07:00:00', 6, 0),
(302, 14, '2026-04-25', '2026-04-25 07:00:00', '2026-04-25 19:00:00', 1, 1),
(303, 32, '2026-05-02', '2026-05-02 19:00:00', '2026-05-03 07:00:00', 4, 0),
(304, 1, '2025-08-25', '2025-08-25 08:00:00', '2025-08-25 20:00:00', 5, 0),
(305, 47, '2026-01-04', '2026-01-04 12:00:00', '2026-01-05 00:00:00', 5, 1),
(306, 4, '2026-04-18', '2026-04-18 08:00:00', '2026-04-18 20:00:00', 5, 0),
(307, 19, '2025-08-07', '2025-08-07 19:00:00', '2025-08-08 07:00:00', 8, 0),
(308, 18, '2026-05-16', '2026-05-16 07:00:00', '2026-05-16 19:00:00', 4, 0),
(309, 7, '2026-01-18', '2026-01-18 12:00:00', '2026-01-19 00:00:00', 2, 0),
(310, 24, '2025-09-12', '2025-09-12 19:00:00', '2025-09-13 07:00:00', 8, 0),
(311, 3, '2025-07-20', '2025-07-20 12:00:00', '2025-07-21 00:00:00', 7, 0),
(312, 34, '2026-02-19', '2026-02-19 08:00:00', '2026-02-19 20:00:00', 2, 0),
(313, 40, '2025-12-11', '2025-12-11 19:00:00', '2025-12-12 07:00:00', 2, 0),
(314, 48, '2025-12-01', '2025-12-01 12:00:00', '2025-12-02 00:00:00', 6, 0),
(315, 33, '2026-03-30', '2026-03-30 12:00:00', '2026-03-31 00:00:00', 4, 0),
(316, 2, '2026-01-05', '2026-01-05 07:00:00', '2026-01-05 19:00:00', 1, 0),
(317, 38, '2025-12-05', '2025-12-05 07:00:00', '2025-12-05 19:00:00', 8, 0),
(318, 17, '2026-06-01', '2026-06-01 08:00:00', '2026-06-01 20:00:00', 1, 0),
(319, 38, '2026-03-03', '2026-03-03 19:00:00', '2026-03-04 07:00:00', 8, 0),
(320, 44, '2025-11-02', '2025-11-02 07:00:00', '2025-11-02 19:00:00', 3, 0),
(321, 29, '2025-12-08', '2025-12-08 08:00:00', '2025-12-08 20:00:00', 7, 0),
(322, 14, '2026-01-27', '2026-01-27 19:00:00', '2026-01-28 07:00:00', 1, 0),
(323, 48, '2025-08-01', '2025-08-01 08:00:00', '2025-08-01 20:00:00', 6, 0),
(324, 43, '2026-03-02', '2026-03-02 19:00:00', '2026-03-03 07:00:00', 3, 0),
(325, 12, '2026-02-21', '2026-02-21 12:00:00', '2026-02-22 00:00:00', 7, 0),
(326, 44, '2026-06-14', '2026-06-14 12:00:00', '2026-06-15 00:00:00', 3, 0),
(327, 13, '2025-11-04', '2025-11-04 12:00:00', '2025-11-05 00:00:00', 3, 0),
(328, 20, '2025-11-25', '2025-11-25 19:00:00', '2025-11-26 07:00:00', 5, 0),
(329, 23, '2026-04-13', '2026-04-13 12:00:00', '2026-04-14 00:00:00', 8, 0),
(330, 44, '2026-04-05', '2026-04-05 19:00:00', '2026-04-06 07:00:00', 3, 0),
(331, 50, '2025-09-13', '2025-09-13 07:00:00', '2025-09-13 19:00:00', 6, 0),
(332, 46, '2025-08-10', '2025-08-10 19:00:00', '2025-08-11 07:00:00', 2, 0),
(333, 48, '2026-03-03', '2026-03-03 08:00:00', '2026-03-03 20:00:00', 6, 0),
(334, 18, '2026-04-14', '2026-04-14 08:00:00', '2026-04-14 20:00:00', 4, 0),
(335, 48, '2026-04-27', '2026-04-27 08:00:00', '2026-04-27 20:00:00', 6, 1),
(336, 58, '2026-03-29', '2026-03-29 08:00:00', '2026-03-29 20:00:00', 6, 1),
(337, 27, '2025-12-17', '2025-12-17 07:00:00', '2025-12-17 19:00:00', 1, 0),
(338, 9, '2025-07-03', '2025-07-03 08:00:00', '2025-07-03 20:00:00', 5, 0),
(339, 60, '2026-03-01', '2026-03-01 08:00:00', '2026-03-01 20:00:00', 4, 0),
(340, 19, '2025-12-12', '2025-12-12 07:00:00', '2025-12-12 19:00:00', 8, 0),
(341, 6, '2026-05-30', '2026-05-30 08:00:00', '2026-05-30 20:00:00', 6, 0),
(342, 47, '2025-07-20', '2025-07-20 19:00:00', '2025-07-21 07:00:00', 5, 0),
(343, 12, '2025-07-19', '2025-07-19 19:00:00', '2025-07-20 07:00:00', 7, 0),
(344, 48, '2025-11-26', '2025-11-26 07:00:00', '2025-11-26 19:00:00', 6, 0),
(345, 39, '2025-08-24', '2025-08-24 12:00:00', '2025-08-25 00:00:00', 3, 0),
(346, 42, '2026-04-05', '2026-04-05 19:00:00', '2026-04-06 07:00:00', 4, 0),
(347, 9, '2026-03-16', '2026-03-16 12:00:00', '2026-03-17 00:00:00', 5, 0),
(348, 8, '2025-12-17', '2025-12-17 19:00:00', '2025-12-18 07:00:00', 5, 0),
(349, 46, '2025-10-04', '2025-10-04 12:00:00', '2025-10-05 00:00:00', 2, 0),
(350, 37, '2026-06-11', '2026-06-11 08:00:00', '2026-06-11 20:00:00', 3, 0),
(351, 41, '2026-01-24', '2026-01-24 12:00:00', '2026-01-25 00:00:00', 7, 0),
(352, 43, '2025-08-18', '2025-08-18 08:00:00', '2025-08-18 20:00:00', 3, 0),
(353, 60, '2025-11-05', '2025-11-05 12:00:00', '2025-11-06 00:00:00', 4, 0),
(354, 29, '2025-11-14', '2025-11-14 12:00:00', '2025-11-15 00:00:00', 7, 0),
(355, 37, '2025-07-06', '2025-07-06 12:00:00', '2025-07-07 00:00:00', 3, 0),
(356, 4, '2026-06-07', '2026-06-07 19:00:00', '2026-06-08 07:00:00', 5, 0),
(357, 26, '2026-06-17', '2026-06-17 12:00:00', '2026-06-18 00:00:00', 8, 0),
(358, 41, '2025-11-29', '2025-11-29 08:00:00', '2025-11-29 20:00:00', 7, 0),
(359, 9, '2026-03-02', '2026-03-02 19:00:00', '2026-03-03 07:00:00', 5, 0),
(360, 39, '2026-01-08', '2026-01-08 19:00:00', '2026-01-09 07:00:00', 3, 0),
(361, 52, '2026-06-06', '2026-06-06 08:00:00', '2026-06-06 20:00:00', 7, 0),
(362, 39, '2025-08-11', '2025-08-11 19:00:00', '2025-08-12 07:00:00', 3, 0),
(363, 24, '2025-08-09', '2025-08-09 07:00:00', '2025-08-09 19:00:00', 8, 1),
(364, 36, '2026-03-16', '2026-03-16 08:00:00', '2026-03-16 20:00:00', 5, 0),
(365, 55, '2026-03-24', '2026-03-24 07:00:00', '2026-03-24 19:00:00', 4, 0),
(366, 46, '2026-04-25', '2026-04-25 07:00:00', '2026-04-25 19:00:00', 2, 0),
(367, 29, '2025-07-29', '2025-07-29 08:00:00', '2025-07-29 20:00:00', 7, 0),
(368, 30, '2026-04-15', '2026-04-15 19:00:00', '2026-04-16 07:00:00', 6, 0),
(369, 20, '2025-07-12', '2025-07-12 12:00:00', '2025-07-13 00:00:00', 5, 0),
(370, 48, '2025-10-20', '2025-10-20 07:00:00', '2025-10-20 19:00:00', 6, 1),
(371, 23, '2026-06-24', '2026-06-24 07:00:00', '2026-06-24 19:00:00', 8, 0),
(372, 5, '2026-02-27', '2026-02-27 12:00:00', '2026-02-28 00:00:00', 6, 0),
(373, 50, '2025-09-08', '2025-09-08 19:00:00', '2025-09-09 07:00:00', 6, 0),
(374, 58, '2026-01-12', '2026-01-12 19:00:00', '2026-01-13 07:00:00', 6, 0),
(375, 44, '2026-06-04', '2026-06-04 08:00:00', '2026-06-04 20:00:00', 3, 0),
(376, 23, '2025-08-30', '2025-08-30 19:00:00', '2025-08-31 07:00:00', 8, 0),
(377, 47, '2025-10-23', '2025-10-23 07:00:00', '2025-10-23 19:00:00', 5, 0),
(378, 30, '2026-06-10', '2026-06-10 19:00:00', '2026-06-11 07:00:00', 6, 0),
(379, 53, '2025-10-26', '2025-10-26 19:00:00', '2025-10-27 07:00:00', 8, 0),
(380, 18, '2025-10-05', '2025-10-05 07:00:00', '2025-10-05 19:00:00', 4, 0),
(381, 27, '2026-05-11', '2026-05-11 08:00:00', '2026-05-11 20:00:00', 1, 0),
(382, 7, '2026-05-01', '2026-05-01 19:00:00', '2026-05-02 07:00:00', 2, 0),
(383, 46, '2025-07-25', '2025-07-25 07:00:00', '2025-07-25 19:00:00', 2, 0),
(384, 15, '2026-04-03', '2026-04-03 07:00:00', '2026-04-03 19:00:00', 3, 0),
(385, 19, '2025-10-28', '2025-10-28 12:00:00', '2025-10-29 00:00:00', 8, 0),
(386, 50, '2026-06-10', '2026-06-10 08:00:00', '2026-06-10 20:00:00', 6, 0),
(387, 10, '2026-06-04', '2026-06-04 08:00:00', '2026-06-04 20:00:00', 5, 0),
(388, 18, '2025-08-01', '2025-08-01 08:00:00', '2025-08-01 20:00:00', 4, 0),
(389, 28, '2026-04-11', '2026-04-11 07:00:00', '2026-04-11 19:00:00', 4, 0),
(390, 42, '2026-06-09', '2026-06-09 12:00:00', '2026-06-10 00:00:00', 4, 0),
(391, 27, '2025-09-15', '2025-09-15 19:00:00', '2025-09-16 07:00:00', 1, 0),
(392, 35, '2026-02-28', '2026-02-28 08:00:00', '2026-02-28 20:00:00', 5, 0),
(393, 46, '2025-09-12', '2025-09-12 07:00:00', '2025-09-12 19:00:00', 2, 0),
(394, 27, '2026-04-12', '2026-04-12 08:00:00', '2026-04-12 20:00:00', 1, 0),
(395, 17, '2025-10-13', '2025-10-13 07:00:00', '2025-10-13 19:00:00', 1, 0),
(396, 55, '2026-01-06', '2026-01-06 08:00:00', '2026-01-06 20:00:00', 4, 1),
(397, 25, '2026-06-10', '2026-06-10 07:00:00', '2026-06-10 19:00:00', 1, 0),
(398, 13, '2026-04-27', '2026-04-27 08:00:00', '2026-04-27 20:00:00', 3, 0),
(399, 56, '2025-12-18', '2025-12-18 07:00:00', '2025-12-18 19:00:00', 7, 0),
(400, 13, '2025-08-30', '2025-08-30 08:00:00', '2025-08-30 20:00:00', 3, 0);
INSERT INTO dbo.StaffShifts (ShiftID, StaffID, ShiftDate, ShiftStart, ShiftEnd, DepartmentID, CalledInSick) VALUES
(401, 46, '2025-10-13', '2025-10-13 08:00:00', '2025-10-13 20:00:00', 2, 0),
(402, 50, '2025-11-22', '2025-11-22 19:00:00', '2025-11-23 07:00:00', 6, 0),
(403, 23, '2025-12-05', '2025-12-05 12:00:00', '2025-12-06 00:00:00', 8, 0),
(404, 32, '2026-02-24', '2026-02-24 19:00:00', '2026-02-25 07:00:00', 4, 0),
(405, 21, '2025-10-13', '2025-10-13 12:00:00', '2025-10-14 00:00:00', 2, 0),
(406, 37, '2025-10-22', '2025-10-22 07:00:00', '2025-10-22 19:00:00', 3, 0),
(407, 60, '2026-04-26', '2026-04-26 19:00:00', '2026-04-27 07:00:00', 4, 0),
(408, 13, '2025-12-16', '2025-12-16 19:00:00', '2025-12-17 07:00:00', 3, 0),
(409, 16, '2026-03-13', '2026-03-13 12:00:00', '2026-03-14 00:00:00', 2, 0),
(410, 53, '2026-03-08', '2026-03-08 19:00:00', '2026-03-09 07:00:00', 8, 0),
(411, 47, '2025-12-28', '2025-12-28 08:00:00', '2025-12-28 20:00:00', 5, 0),
(412, 32, '2025-10-03', '2025-10-03 07:00:00', '2025-10-03 19:00:00', 4, 0),
(413, 54, '2025-08-08', '2025-08-08 07:00:00', '2025-08-08 19:00:00', 6, 0),
(414, 54, '2026-05-19', '2026-05-19 07:00:00', '2026-05-19 19:00:00', 6, 0),
(415, 1, '2025-10-20', '2025-10-20 19:00:00', '2025-10-21 07:00:00', 5, 0),
(416, 40, '2026-05-23', '2026-05-23 19:00:00', '2026-05-24 07:00:00', 2, 0),
(417, 2, '2025-07-04', '2025-07-04 19:00:00', '2025-07-05 07:00:00', 1, 1),
(418, 34, '2025-11-18', '2025-11-18 12:00:00', '2025-11-19 00:00:00', 2, 1),
(419, 53, '2026-06-23', '2026-06-23 08:00:00', '2026-06-23 20:00:00', 8, 0),
(420, 7, '2026-03-26', '2026-03-26 08:00:00', '2026-03-26 20:00:00', 2, 0),
(421, 34, '2025-11-07', '2025-11-07 12:00:00', '2025-11-08 00:00:00', 2, 0),
(422, 6, '2026-01-08', '2026-01-08 19:00:00', '2026-01-09 07:00:00', 6, 0),
(423, 45, '2025-10-24', '2025-10-24 07:00:00', '2025-10-24 19:00:00', 5, 0),
(424, 55, '2026-05-29', '2026-05-29 07:00:00', '2026-05-29 19:00:00', 4, 0),
(425, 25, '2026-04-09', '2026-04-09 07:00:00', '2026-04-09 19:00:00', 1, 0),
(426, 45, '2025-09-26', '2025-09-26 19:00:00', '2025-09-27 07:00:00', 5, 0),
(427, 42, '2025-12-17', '2025-12-17 07:00:00', '2025-12-17 19:00:00', 4, 0),
(428, 59, '2025-07-22', '2025-07-22 08:00:00', '2025-07-22 20:00:00', 8, 0),
(429, 45, '2026-04-17', '2026-04-17 12:00:00', '2026-04-18 00:00:00', 5, 1),
(430, 5, '2026-06-16', '2026-06-16 07:00:00', '2026-06-16 19:00:00', 6, 0),
(431, 55, '2025-12-09', '2025-12-09 08:00:00', '2025-12-09 20:00:00', 4, 0),
(432, 49, '2026-06-30', '2026-06-30 07:00:00', '2026-06-30 19:00:00', 7, 0),
(433, 37, '2025-11-01', '2025-11-01 19:00:00', '2025-11-02 07:00:00', 3, 0),
(434, 35, '2025-12-17', '2025-12-17 08:00:00', '2025-12-17 20:00:00', 5, 0),
(435, 45, '2025-08-10', '2025-08-10 12:00:00', '2025-08-11 00:00:00', 5, 1),
(436, 28, '2025-10-27', '2025-10-27 12:00:00', '2025-10-28 00:00:00', 4, 0),
(437, 40, '2026-05-01', '2026-05-01 12:00:00', '2026-05-02 00:00:00', 2, 1),
(438, 18, '2026-02-16', '2026-02-16 08:00:00', '2026-02-16 20:00:00', 4, 0),
(439, 25, '2026-02-07', '2026-02-07 19:00:00', '2026-02-08 07:00:00', 1, 0),
(440, 40, '2025-11-29', '2025-11-29 07:00:00', '2025-11-29 19:00:00', 2, 0),
(441, 10, '2026-01-11', '2026-01-11 08:00:00', '2026-01-11 20:00:00', 5, 0),
(442, 21, '2026-01-01', '2026-01-01 07:00:00', '2026-01-01 19:00:00', 2, 1),
(443, 20, '2026-02-13', '2026-02-13 12:00:00', '2026-02-14 00:00:00', 5, 0),
(444, 6, '2025-10-04', '2025-10-04 19:00:00', '2025-10-05 07:00:00', 6, 0),
(445, 33, '2026-01-25', '2026-01-25 07:00:00', '2026-01-25 19:00:00', 4, 0),
(446, 36, '2025-08-17', '2025-08-17 12:00:00', '2025-08-18 00:00:00', 5, 0),
(447, 1, '2025-11-27', '2025-11-27 19:00:00', '2025-11-28 07:00:00', 5, 0),
(448, 47, '2026-04-13', '2026-04-13 08:00:00', '2026-04-13 20:00:00', 5, 0),
(449, 11, '2025-09-10', '2025-09-10 12:00:00', '2025-09-11 00:00:00', 8, 0),
(450, 10, '2025-08-02', '2025-08-02 19:00:00', '2025-08-03 07:00:00', 5, 0),
(451, 20, '2026-03-05', '2026-03-05 12:00:00', '2026-03-06 00:00:00', 5, 0),
(452, 16, '2026-05-17', '2026-05-17 08:00:00', '2026-05-17 20:00:00', 2, 0),
(453, 9, '2025-12-03', '2025-12-03 19:00:00', '2025-12-04 07:00:00', 5, 0),
(454, 40, '2026-01-11', '2026-01-11 19:00:00', '2026-01-12 07:00:00', 2, 0),
(455, 53, '2026-05-30', '2026-05-30 08:00:00', '2026-05-30 20:00:00', 8, 0),
(456, 39, '2026-06-21', '2026-06-21 19:00:00', '2026-06-22 07:00:00', 3, 0),
(457, 26, '2025-12-11', '2025-12-11 19:00:00', '2025-12-12 07:00:00', 8, 0),
(458, 51, '2025-11-02', '2025-11-02 19:00:00', '2025-11-03 07:00:00', 5, 0),
(459, 51, '2026-01-18', '2026-01-18 07:00:00', '2026-01-18 19:00:00', 5, 0),
(460, 13, '2026-04-30', '2026-04-30 08:00:00', '2026-04-30 20:00:00', 3, 0),
(461, 36, '2025-07-14', '2025-07-14 08:00:00', '2025-07-14 20:00:00', 5, 0),
(462, 19, '2026-06-20', '2026-06-20 19:00:00', '2026-06-21 07:00:00', 8, 0),
(463, 9, '2026-05-21', '2026-05-21 08:00:00', '2026-05-21 20:00:00', 5, 0),
(464, 10, '2026-02-02', '2026-02-02 07:00:00', '2026-02-02 19:00:00', 5, 0),
(465, 39, '2026-03-03', '2026-03-03 19:00:00', '2026-03-04 07:00:00', 3, 0),
(466, 60, '2026-06-20', '2026-06-20 07:00:00', '2026-06-20 19:00:00', 4, 0),
(467, 24, '2026-06-25', '2026-06-25 07:00:00', '2026-06-25 19:00:00', 8, 0),
(468, 16, '2026-06-02', '2026-06-02 08:00:00', '2026-06-02 20:00:00', 2, 0),
(469, 3, '2026-04-15', '2026-04-15 19:00:00', '2026-04-16 07:00:00', 7, 0),
(470, 22, '2026-02-06', '2026-02-06 07:00:00', '2026-02-06 19:00:00', 1, 0),
(471, 15, '2026-03-19', '2026-03-19 08:00:00', '2026-03-19 20:00:00', 3, 0),
(472, 26, '2026-02-23', '2026-02-23 08:00:00', '2026-02-23 20:00:00', 8, 0),
(473, 2, '2026-03-05', '2026-03-05 12:00:00', '2026-03-06 00:00:00', 1, 0),
(474, 6, '2025-08-29', '2025-08-29 12:00:00', '2025-08-30 00:00:00', 6, 0),
(475, 30, '2025-10-14', '2025-10-14 19:00:00', '2025-10-15 07:00:00', 6, 0),
(476, 7, '2026-02-10', '2026-02-10 12:00:00', '2026-02-11 00:00:00', 2, 1),
(477, 3, '2026-06-29', '2026-06-29 07:00:00', '2026-06-29 19:00:00', 7, 0),
(478, 42, '2025-08-25', '2025-08-25 08:00:00', '2025-08-25 20:00:00', 4, 0),
(479, 36, '2025-09-20', '2025-09-20 19:00:00', '2025-09-21 07:00:00', 5, 0),
(480, 15, '2026-01-24', '2026-01-24 08:00:00', '2026-01-24 20:00:00', 3, 0),
(481, 43, '2026-02-07', '2026-02-07 07:00:00', '2026-02-07 19:00:00', 3, 0),
(482, 57, '2025-10-10', '2025-10-10 19:00:00', '2025-10-11 07:00:00', 3, 0),
(483, 46, '2025-10-18', '2025-10-18 12:00:00', '2025-10-19 00:00:00', 2, 0),
(484, 52, '2025-08-02', '2025-08-02 07:00:00', '2025-08-02 19:00:00', 7, 0),
(485, 35, '2025-10-04', '2025-10-04 12:00:00', '2025-10-05 00:00:00', 5, 0),
(486, 8, '2025-11-12', '2025-11-12 12:00:00', '2025-11-13 00:00:00', 5, 0),
(487, 40, '2026-01-17', '2026-01-17 07:00:00', '2026-01-17 19:00:00', 2, 0),
(488, 55, '2026-02-20', '2026-02-20 08:00:00', '2026-02-20 20:00:00', 4, 0),
(489, 46, '2025-11-30', '2025-11-30 07:00:00', '2025-11-30 19:00:00', 2, 0),
(490, 21, '2025-08-30', '2025-08-30 12:00:00', '2025-08-31 00:00:00', 2, 0),
(491, 24, '2026-06-21', '2026-06-21 19:00:00', '2026-06-22 07:00:00', 8, 0),
(492, 9, '2026-04-21', '2026-04-21 19:00:00', '2026-04-22 07:00:00', 5, 0),
(493, 41, '2026-04-02', '2026-04-02 08:00:00', '2026-04-02 20:00:00', 7, 0),
(494, 32, '2025-11-25', '2025-11-25 08:00:00', '2025-11-25 20:00:00', 4, 0),
(495, 29, '2026-05-14', '2026-05-14 12:00:00', '2026-05-15 00:00:00', 7, 0),
(496, 32, '2025-09-08', '2025-09-08 19:00:00', '2025-09-09 07:00:00', 4, 0),
(497, 33, '2026-05-31', '2026-05-31 19:00:00', '2026-06-01 07:00:00', 4, 0),
(498, 27, '2026-06-29', '2026-06-29 19:00:00', '2026-06-30 07:00:00', 1, 0),
(499, 37, '2025-07-16', '2025-07-16 12:00:00', '2025-07-17 00:00:00', 3, 1),
(500, 15, '2026-04-02', '2026-04-02 08:00:00', '2026-04-02 20:00:00', 3, 0);
GO

-- Patients: 265 rows
INSERT INTO dbo.Patients (PatientID, FullName, DOB, Sex, InsuranceType, RegisteredDate) VALUES
(1, 'Lars Young', '2021-08-27', 'Unspecified', 'Private PPO', '2021-01-02'),
(2, 'Arjun Wright', '1937-06-19', 'Unspecified', 'Private HMO', '2022-10-08'),
(3, 'Jessica Martin', '1935-10-14', 'F', 'Medicare', '2018-12-23'),
(4, 'Linda Thomas', '1967-08-29', 'F', 'Uninsured', '2024-11-04'),
(5, 'Carlos Hernandez', '1954-12-25', 'M', 'Private PPO', '2024-05-24'),
(6, 'Chidi Moore', '1960-03-18', 'F', 'Medicare', '2024-06-03'),
(7, 'Yuki Miller', '1954-04-30', 'F', 'Medicare', '2025-05-10'),
(8, 'David Thomas', '1956-03-29', 'M', 'Uninsured', '2022-05-28'),
(9, 'Elizabeth Nguyen', '1978-03-20', 'M', 'Medicaid', '2023-01-26'),
(10, 'Tariq Garcia', '2002-04-14', 'F', 'Uninsured', '2022-02-20'),
(11, 'Kenji Lee', '1930-06-12', 'M', 'Uninsured', '2025-06-13'),
(12, 'John Wright', '2001-05-12', 'M', 'Private HMO', '2023-07-20'),
(13, 'Anita Jackson', '1990-08-09', 'Unspecified', 'Private HMO', '2024-05-07'),
(14, 'Ramesh Brown', '1938-03-30', 'M', 'Private PPO', '2019-05-24'),
(15, 'Sofia Robinson', '1930-02-14', 'M', 'Uninsured', '2019-06-25'),
(16, 'Karen Hernandez', '1979-03-03', 'F', 'Medicare', '2018-12-04'),
(17, 'William Brown', '2001-02-11', 'F', 'Uninsured', '2025-11-04'),
(18, 'Carlos Garcia', '1947-01-29', 'M', 'Medicaid', '2018-11-16'),
(19, 'Dmitri Anderson', '2023-03-16', 'F', 'Private PPO', '2025-10-20'),
(20, 'Linda Ramirez', '1953-09-19', 'F', 'Private HMO', '2022-04-19'),
(21, 'Michael Miller', '1986-03-23', 'F', 'Private HMO', '2022-04-17'),
(22, 'Elizabeth Jones', '1931-07-10', 'M', 'Medicaid', '2021-12-09'),
(23, 'Tariq Martinez', '2003-11-15', 'M', 'Private HMO', '2018-12-22'),
(24, 'David Davis', '1998-11-27', 'M', 'Medicare', '2019-07-27'),
(25, 'Sarah Garcia', '1974-07-12', 'Unspecified', 'Self-Pay', '2026-02-01'),
(26, 'Charles Johnson', '1984-02-15', 'Unspecified', 'Self-Pay', '2023-09-19'),
(27, 'Wei Jackson', '1939-10-17', 'M', 'Medicaid', '2019-04-07'),
(28, 'Kenji Chen', '1942-09-28', 'F', 'Medicare', '2021-07-20'),
(29, 'Fatima Nguyen', '2005-07-07', 'Unspecified', 'Uninsured', '2019-12-09'),
(30, 'John Johnson', '1942-02-12', 'F', 'Private HMO', '2018-06-13'),
(31, 'Wei Allen', '1981-05-28', 'Unspecified', 'Medicaid', '2022-10-01'),
(32, 'Jennifer Wright', '1957-05-25', 'F', 'Medicare', '2018-11-20'),
(33, 'Susan Martinez', '1988-08-17', 'Unspecified', 'Uninsured', '2025-04-15'),
(34, 'John Martin', '2008-07-01', 'F', 'Private HMO', '2018-12-20'),
(35, 'Linda Robinson', '1939-11-16', 'M', 'Private PPO', '2018-02-21'),
(36, 'James Hernandez', '2019-01-26', 'Unspecified', 'Self-Pay', '2026-01-31'),
(37, 'William White', '1952-10-10', 'F', 'Private PPO', '2021-10-04'),
(38, 'Sarah King', '1941-06-17', 'Unspecified', 'Uninsured', '2018-11-12'),
(39, 'Ahmed Allen', '1994-08-14', 'M', 'Self-Pay', '2019-11-15'),
(40, 'William Taylor', '1948-06-18', 'F', 'Private HMO', '2026-04-23'),
(41, 'James Williams', '1932-03-16', 'F', 'Medicaid', '2022-01-30'),
(42, 'Elizabeth Lopez', '1936-05-06', 'M', 'Private HMO', '2021-08-11'),
(43, 'Mei Lee', '1978-09-03', 'Unspecified', 'Medicare', '2019-05-05'),
(44, 'Patricia Lopez', '1970-01-17', 'F', 'Medicaid', '2018-10-10'),
(45, 'Charles Martin', '1988-09-22', 'Unspecified', 'Medicaid', '2018-02-02'),
(46, 'Richard Jackson', '1984-07-13', 'M', 'Medicaid', '2022-02-17'),
(47, 'Kenji Gonzalez', '1973-12-25', 'F', 'Medicaid', '2018-04-08'),
(48, 'Chidi Thompson', '1931-09-21', 'F', 'Uninsured', '2022-03-22'),
(49, 'Michael Wilson', '1972-09-25', 'M', 'Private PPO', '2019-08-07'),
(50, 'Jennifer Williams', '1971-07-14', 'M', 'Uninsured', '2022-03-06'),
(51, 'Jennifer Kim', '1947-02-24', 'M', 'Uninsured', '2022-06-04'),
(52, 'Dmitri Nguyen', '1941-03-05', 'M', 'Private HMO', '2021-04-09'),
(53, 'Anita Sanchez', '1988-07-16', 'M', 'Medicare', '2020-08-14'),
(54, 'Richard Rodriguez', '1949-07-21', 'F', 'Private HMO', '2023-01-16'),
(55, 'Anita Clark', '1951-08-31', 'F', 'Private HMO', '2023-01-26'),
(56, 'Ahmed Taylor', '1951-07-08', 'M', 'Uninsured', '2021-05-31'),
(57, 'Robert Wilson', '1988-10-25', 'F', 'Uninsured', '2020-10-13'),
(58, 'Wei Allen', '1938-10-14', 'F', 'Private HMO', '2018-05-08'),
(59, 'Sofia Patel', '1974-10-31', 'M', 'Private PPO', '2019-07-27'),
(60, 'James Brown', '1969-11-19', 'M', 'Medicaid', '2022-03-05'),
(61, 'Jennifer Kim', '1976-06-10', 'F', 'Private PPO', '2020-03-20'),
(62, 'Sofia Rodriguez', '1946-07-03', 'F', 'Private PPO', '2023-03-04'),
(63, 'William Nguyen', '2007-09-21', 'M', 'Private PPO', '2022-04-17'),
(64, 'Barbara Thompson', '1968-07-11', 'F', 'Medicare', '2023-01-01'),
(65, 'Robert Khan', '1974-02-06', 'F', 'Medicaid', '2022-08-15'),
(66, 'Noor Brown', '1945-09-27', 'M', 'Private HMO', '2022-09-14'),
(67, 'Ola Thomas', '1933-07-03', 'F', 'Medicaid', '2024-02-09'),
(68, 'Priya Nguyen', '2020-02-22', 'M', 'Medicare', '2020-01-07'),
(69, 'Anita Chen', '1969-04-19', 'F', 'Private PPO', '2023-04-17'),
(70, 'Priya Kim', '1971-10-07', 'F', 'Private HMO', '2025-05-14'),
(71, 'Sarah Wright', '1940-01-13', 'Unspecified', 'Medicaid', '2021-12-24'),
(72, 'Barbara Thomas', '1987-01-22', 'Unspecified', 'Private PPO', '2025-11-21'),
(73, 'Lars Nguyen', '1955-07-01', 'M', 'Medicaid', '2024-01-30'),
(74, 'Barbara Young', '1936-10-23', 'F', 'Private HMO', '2024-09-30'),
(75, 'Mary King', '2015-10-07', 'F', 'Self-Pay', '2020-04-05'),
(76, 'Ramesh Lopez', '1988-01-23', 'F', 'Private HMO', '2024-07-30'),
(77, 'Linda King', '1995-06-22', 'F', 'Uninsured', '2025-06-05'),
(78, 'Dmitri Miller', '1990-05-22', 'F', 'Private HMO', '2019-10-08'),
(79, 'Tariq Young', '1986-12-06', 'Unspecified', 'Uninsured', '2024-11-18'),
(80, 'Joseph Kim', '1961-06-18', 'F', 'Uninsured', '2025-09-21'),
(81, 'David Lopez', '1930-04-28', 'M', 'Self-Pay', '2018-05-13'),
(82, 'Elena Lee', '1969-08-20', 'Unspecified', 'Private PPO', '2023-07-26'),
(83, 'Ramesh Jones', '1972-09-14', 'F', 'Private HMO', '2025-02-18'),
(84, 'Tariq Perez', '2010-02-20', 'F', 'Private HMO', '2020-10-19'),
(85, 'Priya Taylor', '1949-05-21', 'F', 'Medicaid', '2022-11-30'),
(86, 'William Clark', '2018-06-22', 'F', 'Self-Pay', '2022-03-18'),
(87, 'Noor Nguyen', '1970-06-23', 'M', 'Private PPO', '2018-05-17'),
(88, 'Mary Lee', '1976-11-08', 'F', 'Medicare', '2019-11-28'),
(89, 'William Jones', '1946-09-15', 'Unspecified', 'Self-Pay', '2023-06-01'),
(90, 'Carlos Hernandez', '2007-11-28', 'F', 'Private PPO', '2021-09-18'),
(91, 'Richard Clark', '1977-08-06', 'F', 'Private HMO', '2019-01-28'),
(92, 'Wei Nguyen', '2018-02-02', 'F', 'Medicare', '2018-01-16'),
(93, 'Jennifer Jackson', '2016-03-08', 'F', 'Private PPO', '2020-04-27'),
(94, 'Tariq Jackson', '1944-09-13', 'F', 'Medicare', '2022-06-17'),
(95, 'Kenji Taylor', '1946-05-09', 'Unspecified', 'Medicaid', '2020-01-28'),
(96, 'Fatima White', '1963-06-24', 'F', 'Medicare', '2022-12-07'),
(97, 'Thomas Anderson', '1978-03-10', 'F', 'Private HMO', '2026-06-09'),
(98, 'Jennifer Thompson', '2004-04-13', 'M', 'Self-Pay', '2018-09-07'),
(99, 'Ola Clark', '2015-03-14', 'M', 'Medicaid', '2021-05-09'),
(100, 'Wei Williams', '2020-02-03', 'Unspecified', 'Self-Pay', '2025-08-07'),
(101, 'Elizabeth Davis', '2010-07-28', 'M', 'Private HMO', '2020-02-29'),
(102, 'Robert Ramirez', '1944-01-23', 'M', 'Uninsured', '2019-08-29'),
(103, 'Thomas Lee', '1942-01-09', 'M', 'Self-Pay', '2022-06-16'),
(104, 'Anita Moore', '2023-04-01', 'F', 'Uninsured', '2024-12-27'),
(105, 'Ola Clark', '1950-03-11', 'M', 'Private HMO', '2024-05-09'),
(106, 'Dmitri Miller', '1948-12-14', 'F', 'Medicare', '2024-01-03'),
(107, 'Mei Taylor', '1998-09-24', 'M', 'Self-Pay', '2024-10-30'),
(108, 'Robert Lopez', '1979-06-02', 'M', 'Self-Pay', '2024-10-29'),
(109, 'Robert Sanchez', '1989-06-24', 'F', 'Uninsured', '2023-05-01'),
(110, 'Arjun Johnson', '1990-08-16', 'F', 'Medicare', '2023-07-07'),
(111, 'Joseph Rodriguez', '1983-12-01', 'F', 'Medicare', '2026-03-05'),
(112, 'Elena Garcia', '1963-09-21', 'M', 'Medicaid', '2026-04-23'),
(113, 'Ola White', '1940-02-01', 'M', 'Private PPO', '2021-06-28'),
(114, 'Wei Rodriguez', '1935-03-13', 'M', 'Private HMO', '2018-08-25'),
(115, 'Robert Robinson', '1939-01-27', 'M', 'Medicare', '2022-02-17'),
(116, 'Yuki Sanchez', '1952-03-24', 'M', 'Medicare', '2023-06-26'),
(117, 'Sofia Lopez', '2015-02-26', 'Unspecified', 'Medicare', '2021-11-11'),
(118, 'Thomas Garcia', '1981-02-24', 'M', 'Private PPO', '2019-10-30'),
(119, 'Susan Anderson', '1970-05-23', 'F', 'Uninsured', '2022-08-05'),
(120, 'Mary Smith', '2015-01-25', 'M', 'Self-Pay', '2018-02-04'),
(121, 'Thomas Chen', '1984-10-22', 'F', 'Medicaid', '2022-03-23'),
(122, 'Ahmed Taylor', '1969-02-25', 'F', 'Uninsured', '2023-11-03'),
(123, 'Wei Kim', '1948-05-11', 'Unspecified', 'Uninsured', '2022-03-13'),
(124, 'Elena Chen', '1980-09-20', 'F', 'Medicaid', '2018-09-19'),
(125, 'Sarah Lee', '1979-09-06', 'F', 'Private HMO', '2019-09-07'),
(126, 'Jessica Brown', '2002-07-04', 'M', 'Uninsured', '2018-04-15'),
(127, 'Kenji Jackson', '1976-07-19', 'M', 'Medicaid', '2026-04-06'),
(128, 'Dmitri Nguyen', '1964-01-29', 'M', 'Uninsured', '2023-12-30'),
(129, 'Noor Thompson', '2021-01-10', 'M', 'Uninsured', '2024-04-05'),
(130, 'Charles Miller', '2014-06-22', 'F', 'Uninsured', '2024-04-08'),
(131, 'Ramesh Garcia', '1969-11-17', 'M', 'Uninsured', '2021-06-11'),
(132, 'Ramesh White', '1976-10-02', 'F', 'Medicaid', '2019-04-28'),
(133, 'Patricia Kim', '1942-10-12', 'M', 'Self-Pay', '2019-05-06'),
(134, 'Ola Martin', '2004-02-15', 'M', 'Private HMO', '2020-03-31'),
(135, 'Mei Nguyen', '2012-02-07', 'F', 'Uninsured', '2020-01-09'),
(136, 'Kenji Perez', '1961-09-23', 'F', 'Private PPO', '2023-01-26'),
(137, 'Susan Hernandez', '1958-06-06', 'F', 'Private HMO', '2024-11-21'),
(138, 'Tariq Ramirez', '2002-05-19', 'M', 'Medicaid', '2018-01-20'),
(139, 'Chidi Gonzalez', '1996-12-11', 'F', 'Self-Pay', '2020-02-20'),
(140, 'James Thomas', '1970-08-07', 'F', 'Private HMO', '2019-02-25'),
(141, 'Yuki Kim', '1984-12-04', 'F', 'Private PPO', '2021-05-06'),
(142, 'Ahmed King', '1990-08-14', 'M', 'Medicare', '2023-07-01'),
(143, 'Richard Hernandez', '2002-05-19', 'M', 'Private HMO', '2026-02-26'),
(144, 'Susan Johnson', '2020-07-18', 'F', 'Medicare', '2025-12-22'),
(145, 'Robert Harris', '1975-11-24', 'Unspecified', 'Private PPO', '2024-08-29'),
(146, 'Michael Johnson', '1938-08-28', 'M', 'Medicaid', '2022-04-07'),
(147, 'Ingrid Taylor', '2015-02-14', 'M', 'Uninsured', '2025-09-09'),
(148, 'James Martin', '2005-07-08', 'Unspecified', 'Medicare', '2024-12-25'),
(149, 'David Clark', '1948-10-28', 'Unspecified', 'Private PPO', '2021-03-03'),
(150, 'Michael Young', '1965-08-23', 'M', 'Medicare', '2023-11-13'),
(151, 'Priya Clark', '1982-12-30', 'F', 'Self-Pay', '2023-07-27'),
(152, 'Noor Perez', '1972-01-29', 'F', 'Uninsured', '2018-12-31'),
(153, 'Lars Young', '1956-10-05', 'Unspecified', 'Private PPO', '2026-02-11'),
(154, 'Thomas Anderson', '2011-12-15', 'F', 'Medicaid', '2018-07-25'),
(155, 'Barbara Williams', '1982-02-19', 'F', 'Medicaid', '2026-04-14'),
(156, 'Michael Williams', '1931-09-26', 'M', 'Medicare', '2022-01-04'),
(157, 'Hana Moore', '1946-09-05', 'F', 'Private HMO', '2019-04-12'),
(158, 'Wei Robinson', '1978-10-10', 'M', 'Medicaid', '2025-04-11'),
(159, 'Linda Rodriguez', '1940-07-10', 'F', 'Medicaid', '2024-08-16'),
(160, 'Lars Lewis', '1962-07-11', 'M', 'Medicare', '2024-11-09'),
(161, 'David Walker', '2017-08-01', 'M', 'Medicaid', '2018-07-08'),
(162, 'Thomas Lee', '1932-03-21', 'Unspecified', 'Uninsured', '2024-05-03'),
(163, 'Ramesh King', '2023-11-11', 'F', 'Medicaid', '2025-06-03'),
(164, 'Noor Thompson', '1999-01-22', 'Unspecified', 'Self-Pay', '2018-08-12'),
(165, 'William Allen', '2014-03-16', 'M', 'Private PPO', '2026-06-05'),
(166, 'Anita Thomas', '1989-05-16', 'F', 'Self-Pay', '2020-07-01'),
(167, 'Fatima Sanchez', '1972-03-01', 'M', 'Medicaid', '2024-06-05'),
(168, 'Jennifer Young', '2010-03-21', 'F', 'Medicaid', '2026-05-11'),
(169, 'Mary Miller', '2002-05-22', 'F', 'Self-Pay', '2024-02-28'),
(170, 'Jennifer Chen', '1984-08-27', 'Unspecified', 'Private HMO', '2025-05-05'),
(171, 'Ramesh White', '1939-09-27', 'M', 'Medicare', '2024-04-13'),
(172, 'Elena Walker', '1995-03-09', 'F', 'Private PPO', '2025-05-22'),
(173, 'James Perez', '1993-09-21', 'F', 'Self-Pay', '2023-11-09'),
(174, 'Michael Williams', '1959-06-16', 'M', 'Uninsured', '2026-04-30'),
(175, 'Michael Taylor', '1965-02-25', 'F', 'Medicaid', '2020-06-02'),
(176, 'Richard Perez', '1949-05-03', 'F', 'Uninsured', '2025-07-16'),
(177, 'Linda Lewis', '2012-01-26', 'Unspecified', 'Self-Pay', '2019-07-06'),
(178, 'James King', '1938-09-19', 'M', 'Self-Pay', '2023-06-02'),
(179, 'Barbara Kim', '1961-02-27', 'F', 'Medicaid', '2025-05-17'),
(180, 'Elena Lee', '2020-06-14', 'M', 'Self-Pay', '2025-10-07'),
(181, 'Sarah Sanchez', '1991-07-09', 'M', 'Private HMO', '2019-07-20'),
(182, 'Elena Allen', '1983-08-20', 'F', 'Uninsured', '2026-04-07'),
(183, 'Tariq Wilson', '1966-01-17', 'Unspecified', 'Uninsured', '2021-04-05'),
(184, 'David Lopez', '2020-05-31', 'F', 'Uninsured', '2019-04-18'),
(185, 'Ingrid Walker', '2004-11-27', 'F', 'Medicaid', '2018-02-22'),
(186, 'Michael Johnson', '1998-05-04', 'F', 'Uninsured', '2018-08-20'),
(187, 'Sarah Hernandez', '1981-06-05', 'M', 'Private PPO', '2025-09-29'),
(188, 'Susan Wright', '1935-10-19', 'M', 'Private PPO', '2024-11-28'),
(189, 'Joseph Patel', '1999-10-12', 'Unspecified', 'Uninsured', '2021-03-24'),
(190, 'Fatima Harris', '2004-09-29', 'Unspecified', 'Private PPO', '2018-02-23'),
(191, 'Richard Khan', '2009-07-01', 'F', 'Self-Pay', '2024-02-17'),
(192, 'Richard Gonzalez', '1982-10-14', 'M', 'Uninsured', '2018-11-02'),
(193, 'Barbara Allen', '1951-06-01', 'F', 'Medicaid', '2021-02-17'),
(194, 'Thomas Rodriguez', '1958-11-16', 'F', 'Private PPO', '2021-09-15'),
(195, 'Elizabeth Williams', '1957-07-31', 'Unspecified', 'Private PPO', '2025-01-05'),
(196, 'Karen Young', '1994-04-02', 'F', 'Self-Pay', '2020-06-19'),
(197, 'Ola Jones', '2020-08-20', 'M', 'Self-Pay', '2024-01-09'),
(198, 'Jennifer Thompson', '1969-09-09', 'F', 'Medicare', '2022-01-17'),
(199, 'Susan Khan', '2015-03-16', 'F', 'Private PPO', '2025-07-02'),
(200, 'Sofia Thomas', '1973-10-01', 'F', 'Medicaid', '2019-04-10');
INSERT INTO dbo.Patients (PatientID, FullName, DOB, Sex, InsuranceType, RegisteredDate) VALUES
(201, 'Thomas Wright', '1980-09-30', 'Unspecified', 'Medicare', '2023-10-08'),
(202, 'Sofia Young', '1937-11-13', 'M', 'Medicare', '2023-10-06'),
(203, 'Michael Hernandez', '1931-04-26', 'F', 'Private HMO', '2025-07-08'),
(204, 'Susan Ramirez', '1948-08-24', 'Unspecified', 'Uninsured', '2026-04-25'),
(205, 'John Martinez', '1934-04-06', 'F', 'Private PPO', '2018-12-25'),
(206, 'Patricia Lopez', '1975-03-15', 'F', 'Self-Pay', '2020-07-21'),
(207, 'Mei Harris', '2010-12-11', 'M', 'Medicaid', '2021-07-19'),
(208, 'Fatima Davis', '1931-01-22', 'Unspecified', 'Private PPO', '2026-06-24'),
(209, 'Robert Jones', '1994-03-08', 'F', 'Medicare', '2025-09-10'),
(210, 'Elena Garcia', '1980-07-06', 'M', 'Medicaid', '2025-05-30'),
(211, 'Noor Hernandez', '1969-06-14', 'M', 'Self-Pay', '2021-04-23'),
(212, 'Elizabeth Martin', '1996-12-13', 'Unspecified', 'Self-Pay', '2019-08-03'),
(213, 'Robert Smith', '2000-09-16', 'Unspecified', 'Private PPO', '2021-06-02'),
(214, 'Priya Wilson', '2004-01-16', 'Unspecified', 'Private HMO', '2019-10-22'),
(215, 'Joseph Khan', '1975-05-08', 'F', 'Private HMO', '2025-07-11'),
(216, 'Patricia Patel', '2012-10-06', 'Unspecified', 'Private PPO', '2021-04-05'),
(217, 'Thomas Miller', '1965-06-03', 'M', 'Medicare', '2022-01-02'),
(218, 'Jessica Miller', '1981-02-28', 'F', 'Private HMO', '2021-07-25'),
(219, 'Sofia Perez', '1984-11-05', 'M', 'Self-Pay', '2024-05-10'),
(220, 'Anita Ramirez', '1960-04-04', 'F', 'Private HMO', '2020-06-26'),
(221, 'Carlos Moore', '1994-07-03', 'F', 'Medicaid', '2023-03-11'),
(222, 'Priya Martin', '2017-05-18', 'F', 'Private HMO', '2025-03-29'),
(223, 'Jennifer Moore', '1955-02-14', 'M', 'Medicare', '2026-03-24'),
(224, 'John Jones', '1933-05-05', 'F', 'Self-Pay', '2024-06-29'),
(225, 'Dmitri Wilson', '1936-07-30', 'F', 'Self-Pay', '2024-01-20'),
(226, 'Elizabeth White', '2000-06-04', 'Unspecified', 'Uninsured', '2021-04-06'),
(227, 'Ahmed Allen', '2021-08-01', 'M', 'Medicare', '2023-08-19'),
(228, 'Jessica Khan', '1959-10-04', 'M', 'Medicaid', '2019-10-15'),
(229, 'Lars Nguyen', '1956-03-26', 'F', 'Private PPO', '2020-06-15'),
(230, 'Joseph Jones', '1977-06-07', 'M', 'Private PPO', '2025-07-01'),
(231, 'Ola White', '1999-08-21', 'M', 'Private PPO', '2018-06-13'),
(232, 'Anita Miller', '2023-07-20', 'F', 'Uninsured', '2020-12-14'),
(233, 'Chidi Nguyen', '1961-03-12', 'M', 'Medicare', '2024-08-04'),
(234, 'John King', '1975-02-21', 'M', 'Self-Pay', '2022-07-21'),
(235, 'Priya Young', '2016-07-03', 'F', 'Self-Pay', '2019-07-24'),
(236, 'William Anderson', '1943-11-01', 'F', 'Private HMO', '2019-09-08'),
(237, 'William White', '1951-03-26', 'M', 'Medicare', '2026-01-29'),
(238, 'Noor Walker', '2015-12-14', 'Unspecified', 'Private HMO', '2025-04-05'),
(239, 'Mary Thomas', '1937-09-28', 'Unspecified', 'Self-Pay', '2019-10-22'),
(240, 'Tariq Allen', '1937-01-12', 'M', 'Private PPO', '2019-11-13'),
(241, 'Barbara King', '2002-10-01', 'Unspecified', 'Uninsured', '2018-03-18'),
(242, 'Jennifer Wilson', '2010-08-07', 'M', 'Medicaid', '2019-11-30'),
(243, 'Mei Chen', '1955-08-10', 'M', 'Self-Pay', '2025-05-25'),
(244, 'Thomas Hernandez', '1991-06-27', 'Unspecified', 'Self-Pay', '2018-10-09'),
(245, 'Fatima Harris', '1953-09-21', 'F', 'Private HMO', '2023-11-12'),
(246, 'Mei Martinez', '1947-04-13', 'M', 'Self-Pay', '2024-09-22'),
(247, 'Chidi Allen', '1951-02-01', 'M', 'Uninsured', '2019-06-18'),
(248, 'Chidi Smith', '2007-06-04', 'M', 'Medicare', '2018-06-27'),
(249, 'Carlos Anderson', '2016-07-04', 'F', 'Self-Pay', '2026-04-25'),
(250, 'Michael Ramirez', '1954-01-09', 'M', 'Private HMO', '2018-12-10'),
(251, 'Thoma Anderson', '2011-12-15', 'F', 'Medicare', '2020-02-14'),
(252, 'Elena Allen', '1983-08-20', 'F', 'Self-Pay', '2026-05-14'),
(253, 'Ola Martin', '2004-02-15', 'M', 'Medicaid', '2022-04-21'),
(254, 'Ola A Clark', '1950-03-11', 'M', 'Private HMO', '2025-03-12'),
(255, 'Michael C Young', '1965-08-23', 'M', 'Self-Pay', '2025-05-17'),
(256, 'Tariq F Jackson', '1944-09-13', 'F', 'Medicaid', '2026-03-27'),
(257, 'Dmitr Miller', '1948-12-14', 'F', 'Private HMO', '2025-01-14'),
(258, 'Richar Hernandez', '2002-05-19', 'M', 'Medicare', '2026-03-20'),
(259, 'Willia Jones', '1946-09-15', 'Unspecified', 'Uninsured', '2023-10-10'),
(260, 'RICHARD Gonzalez', '1982-10-14', 'M', 'Medicaid', '2025-11-04'),
(261, 'CHARLES Johnson', '1984-02-15', 'Unspecified', 'Self-Pay', '2025-03-31'),
(262, 'Patricia Lopez', '1975-03-15', 'F', 'Private HMO', '2024-05-12'),
(263, 'Arjun Wright', '1937-06-19', 'Unspecified', 'Private HMO', '2024-08-23'),
(264, 'Elena Garcia', '1963-09-21', 'M', 'Private PPO', '2026-03-09'),
(265, 'Kenji Taylor', '1946-05-09', 'Unspecified', 'Self-Pay', '2020-06-03');
GO

-- Encounters: 450 rows
INSERT INTO dbo.Encounters (EncounterID, PatientID, DepartmentID, AdmissionType, AdmitDateTime, DischargeDateTime, AttendingStaffID, ChiefComplaint, DischargeDisposition, ReferralSourceRaw) VALUES
(1, 206, 5, 'ER', '2025-09-28 23:18:44', '2025-09-28 18:18:44', 50, 'confusion, elderly pt, family concerned', 'Transferred - SNF', 'Self-referred'),
(2, 119, 3, 'ER', '2026-01-01 08:42:39', '2026-01-01 10:50:23', 49, 'fall at home, hip pain', 'Left AMA', 'ER'),
(3, 47, 5, 'Outpatient', '2025-12-25 10:04:02', '2025-12-25 12:47:20', 13, 'uncontrolled htn, HA', 'Transferred - Other Facility', 'Self-referred'),
(4, 175, 2, 'Outpatient', '2026-04-02 20:55:52', '2026-04-03 00:05:27', 50, 'back pain, unable to bear wt', 'Left AMA', 'ER'),
(5, 60, 5, 'ER', '2026-01-12 23:04:15', '2026-01-13 09:11:10', NULL, 'labor contractions 4 min apart', 'Transferred - Other Facility', 'PCP referral'),
(6, 148, 2, 'Scheduled Surgery', '2026-06-10 12:27:05', '2026-06-11 18:40:05', 27, 'post-op fever', 'Deceased', 'self'),
(7, 121, 4, 'Outpatient', '2025-10-14 08:20:42', '2025-10-14 09:42:10', 47, 'chest pain radiating to left arm', 'Deceased', 'unknown'),
(8, 22, 8, 'Outpatient', '2026-05-14 11:29:02', '2026-05-14 16:45:43', 27, 'abd pain RLQ, r/o appy', 'Transferred - Other Facility', 'transfer-outside hospital'),
(9, 28, 7, 'Scheduled Surgery', '2026-04-03 01:11:08', '2026-04-05 22:01:39', 1, 'post-op fever', 'Left AMA', 'ER'),
(10, 195, 2, 'Outpatient', '2026-01-02 22:18:38', '2026-01-03 00:17:32', 27, 'SOB + productive cough, hx COPD', 'Home w/ Home Health', 'ortho'),
(11, 187, 7, 'Outpatient', '2026-02-16 06:32:58', '2026-02-16 11:31:38', 40, 'abd pain RLQ, r/o appy', 'Transferred - Other Facility', 'walk-in'),
(12, 77, 8, 'ER', '2025-09-29 15:20:49', '2025-09-30 03:23:20', 50, 'chest tightness, anxious, r/o MI', 'Transferred - SNF', 'er'),
(13, 51, 3, 'ER', '2025-10-19 09:15:30', '2025-10-19 16:06:23', 40, 'SOB + productive cough, hx COPD', 'Transferred - SNF', 'Emerg.'),
(14, 102, 3, 'Outpatient', '2025-12-29 11:50:10', '2025-12-29 17:13:44', 18, 'laceration to forearm, needs sutures', 'Deceased', NULL),
(15, 216, 7, 'ER', '2025-08-10 05:53:53', '2025-08-10 15:23:14', 37, 'allergic rxn, facial swelling', 'Left AMA', 'peds clinic'),
(16, 231, 7, 'Inpatient', '2025-10-03 00:50:27', '2025-10-10 15:46:53', 13, 'asthma exacerbation', 'Left AMA', 'self'),
(17, 28, 1, 'Scheduled Surgery', '2026-03-26 03:01:51', '2026-03-27 05:40:22', 55, 'abd pain RLQ, r/o appy', 'Deceased', 'ED'),
(18, 88, 1, 'ER', '2026-06-05 12:59:31', '2026-06-05 20:10:55', 49, 'allergic rxn, facial swelling', 'Left AMA', 'Emergency Rm'),
(19, 234, 7, 'Outpatient', '2025-12-25 17:32:11', '2025-12-25 20:02:53', 18, 'uncontrolled htn, HA', 'Home', 'Cards'),
(20, 241, 1, 'Scheduled Surgery', '2026-03-02 10:54:30', NULL, 27, 'asthma exacerbation', 'Still Admitted', 'ER'),
(21, 192, 4, 'Scheduled Surgery', '2026-04-14 15:54:52', '2026-04-15 21:34:57', 49, 'syncope episode at work', 'Left AMA', 'unknown'),
(22, 146, 5, 'Scheduled Surgery', '2025-10-05 02:29:33', '2025-10-07 16:32:25', 18, 'asthma exacerbation', 'Home w/ Home Health', 'er'),
(23, 12, 3, 'ER', '2025-11-22 09:48:03', '2025-11-22 10:54:26', 47, 'elective knee replacement', 'Left AMA', 'Cards'),
(24, 17, 6, 'ER', '2025-09-13 02:02:25', '2025-09-13 10:06:06', 13, 'labor contractions 4 min apart', 'Left AMA', 'ICU step-down'),
(25, 198, 8, 'Inpatient', '2025-07-18 07:15:06', '2025-07-23 07:03:21', 18, 'shortness of breath x2 days', 'Transferred - SNF', NULL),
(26, 63, 5, 'Scheduled Surgery', '2026-05-23 10:52:46', '2026-05-26 01:50:28', NULL, 'allergic rxn, facial swelling', 'Transferred - SNF', 'PCP referral'),
(27, 62, 7, 'Inpatient', '2025-07-05 01:31:44', '2025-07-12 21:16:14', 50, 'pregnancy 38wk, decreased fetal movement', 'Left AMA', 'Cardio'),
(28, 31, 1, 'Outpatient', '2026-05-27 05:36:14', '2026-05-27 07:23:00', 47, 'post-op fever', 'Transferred - SNF', 'peds clinic'),
(29, 11, 7, 'Outpatient', '2025-09-07 09:07:39', '2025-09-07 11:14:54', 37, 'elective knee replacement', 'Home w/ Home Health', 'peds clinic'),
(30, 141, 3, 'ER', '2026-03-29 05:38:39', '2026-03-29 13:41:06', 1, 'SOB + productive cough, hx COPD', 'Deceased', 'unknown'),
(31, 123, 6, 'ER', '2026-06-03 19:37:22', '2026-06-04 05:30:16', 13, 'confusion, elderly pt, family concerned', 'Left AMA', 'Emerg.'),
(32, 35, 1, 'Inpatient', '2025-09-30 01:08:19', '2025-10-08 11:48:53', 50, 'shortness of breath x2 days', 'Transferred - Other Facility', 'PCP referral'),
(33, 188, 4, 'ER', '2025-07-07 07:35:59', '2025-07-07 19:25:00', 40, 'shortness of breath x2 days', 'Deceased', 'Cards'),
(34, 137, 1, 'ER', '2025-12-03 02:50:15', '2025-12-03 05:06:00', 50, 'MVC, multiple trauma', 'Transferred - Other Facility', NULL),
(35, 213, 2, 'Outpatient', '2026-06-11 16:42:05', '2026-06-11 21:33:35', 50, 'SOB + productive cough, hx COPD', 'Deceased', 'Ortho clinic'),
(36, 162, 6, 'Outpatient', '2026-01-28 23:03:20', '2026-01-29 02:39:10', 47, 'chest tightness, anxious, r/o MI', 'Deceased', 'Ortho clinic'),
(37, 1, 1, 'Outpatient', '2026-05-02 00:35:36', '2026-05-02 02:44:42', 30, 'confusion, elderly pt, family concerned', 'Home', 'transfer from City General'),
(38, 80, 2, 'ER', '2026-02-21 12:56:56', '2026-02-22 01:30:50', 27, 'fall at home, hip pain', 'Transferred - Other Facility', 'peds clinic'),
(39, 167, 8, 'Inpatient', '2026-03-07 20:58:47', '2026-03-16 01:16:53', 37, 'vomiting/diarrhea 3 days, dehydrated', 'Home', 'Cards'),
(40, 214, 2, 'Inpatient', '2026-05-31 21:55:44', '2026-06-06 09:29:17', 49, 'labor contractions 4 min apart', 'Transferred - Other Facility', 'ICU step-down'),
(41, 79, 1, 'Scheduled Surgery', '2026-02-14 21:40:05', '2026-02-16 09:55:23', 1, 'chest tightness, anxious, r/o MI', 'Left AMA', 'transfer from City General'),
(42, 135, 2, 'Scheduled Surgery', '2026-03-14 15:49:09', '2026-03-17 08:31:17', 49, 'labor contractions 4 min apart', 'Home w/ Home Health', 'Walk in'),
(43, 37, 5, 'Scheduled Surgery', '2025-12-13 20:58:19', '2025-12-16 08:25:15', 18, 'routine cardiology f/u', 'Home', 'Cards'),
(44, 227, 3, 'Scheduled Surgery', '2025-07-23 08:30:03', '2025-07-23 19:24:33', 30, 'laceration to forearm, needs sutures', 'Transferred - Other Facility', 'ER'),
(45, 57, 5, 'Scheduled Surgery', '2026-02-27 00:49:41', '2026-03-01 08:13:12', 18, 'chest pain radiating to left arm', 'Transferred - Other Facility', 'ICU step-down'),
(46, 193, 1, 'Outpatient', '2025-09-26 02:11:18', '2025-09-26 02:58:49', 55, 'SOB + productive cough, hx COPD', 'Left AMA', 'n/a'),
(47, 56, 1, 'Outpatient', '2026-05-29 14:04:22', '2026-05-29 15:07:14', 27, 'elective knee replacement', 'Transferred - Other Facility', 'Self-referred'),
(48, 12, 1, 'Inpatient', '2026-03-29 11:06:07', '2026-04-02 07:20:17', 49, 'shortness of breath x2 days', 'Home w/ Home Health', 'PCP referral'),
(49, 132, 7, 'ER', '2026-04-11 10:12:05', '2026-04-11 16:18:30', 55, 'labor contractions 4 min apart', 'Deceased', 'n/a'),
(50, 214, 4, 'Inpatient', '2026-02-04 11:22:24', '2026-02-06 06:58:07', 30, 'confusion, elderly pt, family concerned', 'Home w/ Home Health', 'ICU step-down'),
(51, 70, 7, 'Inpatient', '2026-06-01 20:33:55', '2026-06-03 11:33:27', 37, 'vomiting/diarrhea 3 days, dehydrated', 'Home w/ Home Health', 'ortho'),
(52, 156, 8, 'Outpatient', '2025-09-16 06:50:32', '2025-09-16 10:42:29', 27, 'chest pain radiating to left arm', 'Home w/ Home Health', 'n/a'),
(53, 184, 2, 'Scheduled Surgery', '2025-09-07 18:17:20', '2025-09-09 18:56:06', 1, 'chest pain radiating to left arm', 'Home w/ Home Health', 'ortho'),
(54, 139, 7, 'Inpatient', '2026-06-09 07:23:05', '2026-06-18 01:05:24', 27, 'chest tightness, anxious, r/o MI', 'Transferred - SNF', 'ortho'),
(55, 22, 7, 'Outpatient', '2026-01-18 22:15:51', '2026-01-19 02:17:30', 1, 'confusion, elderly pt, family concerned', 'Home', 'Walk in'),
(56, 203, 1, 'Scheduled Surgery', '2026-03-22 22:57:40', '2026-03-24 06:41:36', 50, 'confusion, elderly pt, family concerned', 'Home w/ Home Health', 'er'),
(57, 73, 8, 'Scheduled Surgery', '2025-08-16 18:13:42', '2025-08-18 13:26:55', NULL, 'allergic rxn, facial swelling', 'Left AMA', 'Ortho clinic'),
(58, 104, 8, 'ER', '2025-11-06 11:47:57', '2025-11-06 23:09:12', 13, 'chest tightness, anxious, r/o MI', 'Left AMA', 'Self-referred'),
(59, 262, 3, 'Scheduled Surgery', '2026-04-08 13:51:26', '2026-04-09 10:26:54', 1, 'uncontrolled htn, HA', 'Home w/ Home Health', 'ortho'),
(60, 159, 8, 'Outpatient', '2026-05-17 06:34:44', '2026-05-17 10:30:10', 1, 'back pain, unable to bear wt', 'Left AMA', 'unknown'),
(61, 122, 4, 'Scheduled Surgery', '2026-02-18 14:55:59', '2026-02-21 05:30:36', NULL, 'shortness of breath x2 days', 'Home w/ Home Health', 'ED'),
(62, 179, 1, 'Inpatient', '2025-07-17 21:02:51', '2025-07-22 08:06:49', 55, 'routine cardiology f/u', 'Deceased', 'ICU step-down'),
(63, 91, 8, 'Outpatient', '2025-07-19 03:23:26', '2025-07-19 08:24:07', 18, 'syncope episode at work', 'Home', 'Emerg.'),
(64, 169, 7, 'Inpatient', '2026-06-22 07:36:40', '2026-07-02 04:41:24', 30, 'routine cardiology f/u', 'Deceased', 'ortho'),
(65, 163, 5, 'Outpatient', '2025-09-05 22:21:56', '2025-09-06 01:34:27', 27, 'high fever, child lethargic', 'Deceased', 'ER'),
(66, 13, 8, 'ER', '2025-10-15 22:24:09', '2025-10-16 03:44:30', 30, 'uncontrolled htn, HA', 'Home w/ Home Health', 'Emergency'),
(67, 154, 6, 'ER', '2025-08-28 12:08:04', '2025-08-28 21:08:32', 47, 'shortness of breath x2 days', 'Transferred - SNF', 'self'),
(68, 70, 8, 'Inpatient', '2026-05-18 16:46:14', '2026-05-23 03:09:06', 55, 'asthma exacerbation', 'Transferred - Other Facility', 'Cardio'),
(69, 10, 4, 'Outpatient', '2025-12-29 02:24:38', '2025-12-29 08:19:13', 18, 'high fever, child lethargic', 'Transferred - Other Facility', 'unknown'),
(70, 158, 6, 'ER', '2025-11-17 15:04:06', '2025-11-17 20:53:56', 1, 'fall at home, hip pain', 'Home w/ Home Health', 'walk-in'),
(71, 228, 1, 'Scheduled Surgery', '2026-03-14 05:36:35', '2026-03-15 00:30:22', 49, 'abd pain RLQ, r/o appy', 'Home', 'n/a'),
(72, 106, 1, 'Scheduled Surgery', '2026-01-15 19:01:04', '2026-01-17 07:00:49', 55, 'uncontrolled htn, HA', 'Home', 'peds clinic'),
(73, 12, 5, 'Inpatient', '2025-12-12 07:18:07', '2025-12-13 22:07:34', 50, 'confusion, elderly pt, family concerned', 'Transferred - SNF', 'transfer from City General'),
(74, 53, 4, 'Outpatient', '2026-04-08 11:35:44', '2026-04-08 15:15:10', 1, 'chest pain radiating to left arm', 'Transferred - SNF', 'ED'),
(75, 242, 1, 'ER', '2026-01-13 01:57:31', '2026-01-13 12:07:09', 30, 'post-op fever', 'Left AMA', 'Cardio'),
(76, 41, 8, 'Inpatient', '2025-08-17 17:02:57', '2025-08-22 16:20:01', 50, 'SOB + productive cough, hx COPD', 'Home w/ Home Health', 'PCP referral'),
(77, 201, 3, 'Outpatient', '2025-12-14 16:30:12', '2025-12-14 19:38:09', 18, 'high fever, child lethargic', 'Transferred - SNF', 'Self-referred'),
(78, 208, 2, 'Outpatient', '2026-04-11 23:38:44', '2026-04-12 03:23:36', 40, 'laceration to forearm, needs sutures', 'Home w/ Home Health', 'Emergency'),
(79, 107, 7, 'Scheduled Surgery', '2026-04-17 12:27:32', '2026-04-19 22:08:09', 50, 'laceration to forearm, needs sutures', 'Left AMA', 'Ortho clinic'),
(80, 50, 8, 'Inpatient', '2025-12-05 14:46:28', '2025-12-09 17:09:58', 27, 'allergic rxn, facial swelling', 'Deceased', 'ED'),
(81, 1, 3, 'Inpatient', '2026-02-17 19:20:32', '2026-02-26 15:23:42', 40, 'SOB + productive cough, hx COPD', 'Deceased', 'ICU step-down'),
(82, 46, 1, 'Scheduled Surgery', '2025-09-04 10:42:39', '2025-09-08 08:47:36', 1, 'vomiting/diarrhea 3 days, dehydrated', 'Home', 'Walk in'),
(83, 202, 6, 'Scheduled Surgery', '2026-01-24 13:53:32', '2026-01-27 23:47:30', 18, 'abd pain RLQ, r/o appy', 'Transferred - SNF', 'pcp ref'),
(84, 69, 1, 'ER', '2026-05-28 00:34:18', '2026-05-28 10:07:28', 50, 'routine cardiology f/u', 'Left AMA', 'ortho'),
(85, 93, 8, 'Scheduled Surgery', '2026-04-09 16:23:08', '2026-04-12 16:10:03', 40, 'allergic rxn, facial swelling', 'Deceased', 'transfer from City General'),
(86, 188, 1, 'ER', '2026-04-17 17:35:42', '2026-04-18 00:51:17', 13, 'routine cardiology f/u', 'Transferred - SNF', 'Self-referred'),
(87, 46, 4, 'Scheduled Surgery', '2026-05-19 02:50:34', '2026-05-21 08:59:44', 49, 'allergic rxn, facial swelling', 'Home', 'self'),
(88, 170, 7, 'Outpatient', '2025-11-28 10:31:47', '2025-11-28 12:42:07', 18, 'shortness of breath x2 days', 'Deceased', 'transfer-outside hospital'),
(89, 150, 1, 'Outpatient', '2026-03-06 03:00:14', '2026-03-06 04:53:24', NULL, 'routine cardiology f/u', 'Transferred - SNF', 'Emerg.'),
(90, 90, 3, 'Scheduled Surgery', '2026-01-06 06:23:09', '2026-01-07 19:14:31', 50, 'back pain, unable to bear wt', 'Home', 'ED'),
(91, 212, 7, 'Inpatient', '2026-06-04 16:01:35', '2026-06-05 16:24:45', NULL, 'chest tightness, anxious, r/o MI', 'Home', 'Ortho clinic'),
(92, 244, 5, 'Scheduled Surgery', '2026-03-30 08:30:26', '2026-03-30 15:34:29', 37, 'shortness of breath x2 days', 'Left AMA', 'Self-referred'),
(93, 50, 6, 'Scheduled Surgery', '2026-05-09 23:44:27', '2026-05-11 16:56:40', 55, 'post-op fever', 'Deceased', 'transfer-outside hospital'),
(94, 173, 3, 'Outpatient', '2026-04-07 00:23:06', '2026-04-07 01:25:20', 30, 'shortness of breath x2 days', 'Home w/ Home Health', 'walk-in'),
(95, 13, 2, 'ER', '2026-05-01 23:54:22', '2026-05-02 08:41:53', 55, 'allergic rxn, facial swelling', 'Transferred - Other Facility', NULL),
(96, 95, 2, 'Inpatient', '2025-11-07 10:43:29', '2025-11-10 13:44:24', 37, 'MVC, multiple trauma', 'Deceased', 'PCP referral'),
(97, 38, 5, 'ER', '2026-01-12 14:08:53', '2026-01-13 03:34:15', 18, 'back pain, unable to bear wt', 'Home w/ Home Health', NULL),
(98, 56, 3, 'Scheduled Surgery', '2025-10-20 22:21:13', '2025-10-23 07:46:28', 1, 'abd pain RLQ, r/o appy', 'Transferred - SNF', 'self'),
(99, 1, 1, 'Scheduled Surgery', '2025-11-14 05:31:11', '2025-11-16 07:40:51', 13, 'labor contractions 4 min apart', 'Left AMA', 'transfer from City General'),
(100, 2, 7, 'Scheduled Surgery', '2025-09-01 20:39:09', '2025-09-05 20:23:02', 49, 'fall at home, hip pain', 'Deceased', 'Cardio'),
(101, 236, 5, 'Inpatient', '2025-09-29 20:11:16', NULL, 40, 'pregnancy 38wk, decreased fetal movement', 'Still Admitted', 'Emerg.'),
(102, 184, 8, 'ER', '2026-05-20 15:56:47', '2026-05-20 19:27:23', 55, 'back pain, unable to bear wt', 'Home', 'pcp ref'),
(103, 231, 1, 'ER', '2025-12-21 02:02:27', '2025-12-21 08:18:44', 49, 'allergic rxn, facial swelling', 'Deceased', 'ED'),
(104, 120, 2, 'ER', '2025-09-11 17:48:00', '2025-09-12 06:44:03', 30, 'elective knee replacement', 'Home w/ Home Health', 'Emerg.'),
(105, 88, 2, 'ER', '2025-08-28 18:06:01', '2025-08-28 19:55:14', 37, 'allergic rxn, facial swelling', 'Deceased', 'Emerg.'),
(106, 71, 6, 'Inpatient', '2025-07-24 21:35:36', '2025-07-26 23:54:32', 50, 'abd pain RLQ, r/o appy', 'Home w/ Home Health', 'er'),
(107, 52, 7, 'Inpatient', '2025-07-09 17:43:47', '2025-07-09 16:43:47', 30, 'back pain, unable to bear wt', 'Deceased', 'ortho'),
(108, 65, 4, 'Inpatient', '2026-05-24 09:51:53', '2026-05-25 06:26:32', 13, 'uncontrolled htn, HA', 'Left AMA', NULL),
(109, 179, 7, 'ER', '2026-04-12 08:34:45', '2026-04-12 22:16:38', 55, 'post-op fever', 'Transferred - Other Facility', 'n/a'),
(110, 142, 1, 'Inpatient', '2025-08-27 05:25:58', '2025-09-03 02:13:31', 27, 'syncope episode at work', 'Deceased', 'ortho'),
(111, 172, 8, 'ER', '2025-08-23 01:54:35', '2025-08-23 13:07:16', 50, 'vomiting/diarrhea 3 days, dehydrated', 'Deceased', 'Cardio'),
(112, 102, 6, 'Inpatient', '2025-08-26 11:52:26', '2025-09-04 11:06:18', 40, 'post-op fever', 'Transferred - Other Facility', 'ED'),
(113, 233, 3, 'Scheduled Surgery', '2026-01-08 04:57:58', '2026-01-08 13:51:16', NULL, 'high fever, child lethargic', 'Transferred - Other Facility', 'ED'),
(114, 239, 8, 'Scheduled Surgery', '2025-09-26 12:30:33', '2025-09-30 04:00:40', 27, 'vomiting/diarrhea 3 days, dehydrated', 'Transferred - Other Facility', 'Emergency'),
(115, 251, 4, 'Scheduled Surgery', '2026-02-22 10:09:51', NULL, 27, 'vomiting/diarrhea 3 days, dehydrated', 'Still Admitted', 'Cardio'),
(116, 114, 3, 'ER', '2026-01-30 01:36:36', '2026-01-30 12:36:06', 47, 'labor contractions 4 min apart', 'Deceased', 'self'),
(117, 43, 1, 'Scheduled Surgery', '2025-10-20 04:49:54', '2025-10-21 01:23:38', 50, 'elective knee replacement', 'Left AMA', 'ER'),
(118, 238, 3, 'Scheduled Surgery', '2025-10-03 13:29:11', '2025-10-06 09:39:14', NULL, 'syncope episode at work', 'Transferred - Other Facility', 'ortho'),
(119, 107, 2, 'Outpatient', '2025-07-29 18:44:27', '2025-07-29 19:51:04', 55, 'fall at home, hip pain', 'Transferred - SNF', 'transfer from City General'),
(120, 105, 3, 'Outpatient', '2025-10-31 19:38:50', '2025-10-31 23:20:16', 37, 'syncope episode at work', 'Deceased', 'Cards'),
(121, 258, 7, 'Outpatient', '2025-07-28 02:18:25', '2025-07-28 07:22:10', 47, 'SOB + productive cough, hx COPD', 'Transferred - Other Facility', 'unknown'),
(122, 34, 4, 'Scheduled Surgery', '2025-08-14 02:55:08', '2025-08-14 19:00:03', 27, 'pregnancy 38wk, decreased fetal movement', 'Home w/ Home Health', 'Self-referred'),
(123, 12, 5, 'Scheduled Surgery', '2026-06-15 19:42:46', '2026-06-16 18:43:41', 27, 'pregnancy 38wk, decreased fetal movement', 'Home', 'Self-referred'),
(124, 172, 7, 'Outpatient', '2026-06-01 23:31:19', '2026-06-02 02:56:16', 30, 'syncope episode at work', 'Transferred - Other Facility', 'Emergency Rm'),
(125, 117, 8, 'Outpatient', '2025-11-25 01:43:22', '2025-11-25 05:37:30', 55, 'MVC, multiple trauma', 'Home w/ Home Health', 'ED'),
(126, 122, 2, 'ER', '2025-12-10 20:55:04', '2025-12-11 00:18:58', 47, 'MVC, multiple trauma', 'Transferred - SNF', 'transfer from City General'),
(127, 155, 2, 'ER', '2026-01-24 18:10:59', '2026-01-25 07:14:40', 30, 'uncontrolled htn, HA', 'Transferred - Other Facility', 'self'),
(128, 76, 8, 'Outpatient', '2026-06-18 04:05:21', '2026-06-18 07:37:10', 13, 'shortness of breath x2 days', 'Home w/ Home Health', 'Cardio'),
(129, 100, 4, 'Outpatient', '2025-10-09 00:49:15', '2025-10-09 06:35:15', 50, 'shortness of breath x2 days', 'Left AMA', 'Self-referred'),
(130, 185, 7, 'Inpatient', '2026-02-04 13:27:28', '2026-02-04 10:27:28', 47, 'fall at home, hip pain', 'Transferred - SNF', 'transfer from City General'),
(131, 111, 8, 'Scheduled Surgery', '2026-02-12 10:30:31', '2026-02-15 19:42:16', 27, 'back pain, unable to bear wt', 'Transferred - Other Facility', 'pcp ref'),
(132, 172, 2, 'Scheduled Surgery', '2025-08-15 00:14:27', '2025-08-18 02:12:45', 40, 'asthma exacerbation', 'Home w/ Home Health', 'pcp ref'),
(133, 252, 1, 'Outpatient', '2026-04-26 11:03:54', '2026-04-26 15:55:00', 47, 'pregnancy 38wk, decreased fetal movement', 'Deceased', 'Emerg.'),
(134, 148, 7, 'Inpatient', '2026-03-09 23:28:33', '2026-03-11 02:41:20', 40, 'pregnancy 38wk, decreased fetal movement', 'Transferred - Other Facility', 'PCP referral'),
(135, 244, 2, 'Outpatient', '2026-03-20 20:56:40', NULL, 18, 'elective knee replacement', 'Still Admitted', 'Cardio'),
(136, 70, 6, 'Inpatient', '2025-07-28 09:55:39', '2025-07-31 16:25:36', 55, 'high fever, child lethargic', 'Home', 'Emergency Rm'),
(137, 86, 6, 'Outpatient', '2026-06-16 10:57:42', '2026-06-16 14:24:03', 37, 'vomiting/diarrhea 3 days, dehydrated', 'Home w/ Home Health', 'self'),
(138, 175, 3, 'ER', '2025-10-20 05:37:37', '2025-10-20 16:57:47', 13, 'elective knee replacement', 'Transferred - Other Facility', 'ortho'),
(139, 40, 2, 'Inpatient', '2025-07-09 17:27:31', '2025-07-19 14:37:38', 30, 'high fever, child lethargic', 'Transferred - SNF', 'ER'),
(140, 114, 3, 'Inpatient', '2026-06-18 08:14:57', '2026-06-26 02:13:06', 40, 'post-op fever', 'Home', 'er'),
(141, 56, 1, 'ER', '2026-02-26 04:19:47', '2026-02-26 09:15:04', 27, 'SOB + productive cough, hx COPD', 'Transferred - Other Facility', 'Emergency Rm'),
(142, 15, 2, 'Inpatient', '2025-11-20 21:06:29', '2025-11-23 16:14:36', 1, 'post-op fever', 'Home', 'Self-referred'),
(143, 99, 5, 'Inpatient', '2026-04-02 00:09:27', '2026-04-09 05:31:33', 55, 'MVC, multiple trauma', 'Transferred - Other Facility', 'Emerg.'),
(144, 182, 7, 'Scheduled Surgery', '2025-10-18 18:43:23', '2025-10-19 12:57:18', 49, 'shortness of breath x2 days', 'Transferred - SNF', 'peds clinic'),
(145, 43, 6, 'Scheduled Surgery', '2025-08-29 14:00:34', '2025-08-31 21:51:42', 40, 'fall at home, hip pain', 'Transferred - SNF', 'walk-in'),
(146, 244, 6, 'Inpatient', '2025-07-07 17:54:01', '2025-07-09 09:04:55', 13, 'MVC, multiple trauma', 'Deceased', 'peds clinic'),
(147, 34, 6, 'Inpatient', '2025-12-21 07:17:28', '2025-12-28 16:38:12', 50, 'pregnancy 38wk, decreased fetal movement', 'Deceased', 'PCP referral'),
(148, 205, 6, 'Scheduled Surgery', '2026-06-07 21:57:38', '2026-06-08 14:57:27', 55, 'chest pain radiating to left arm', 'Left AMA', 'ED'),
(149, 51, 1, 'ER', '2026-03-13 00:58:26', '2026-03-13 10:48:12', 49, 'elective knee replacement', 'Home', 'self'),
(150, 104, 5, 'Scheduled Surgery', '2026-03-09 18:22:44', '2026-03-10 03:13:21', 13, 'elective knee replacement', 'Left AMA', 'Cardiology dept'),
(151, 162, 7, 'Scheduled Surgery', '2026-02-21 01:18:36', NULL, 30, 'MVC, multiple trauma', 'Still Admitted', 'ICU step-down'),
(152, 252, 7, 'Inpatient', '2025-12-07 14:09:57', '2025-12-14 14:25:52', 18, 'shortness of breath x2 days', 'Left AMA', 'Self-referred'),
(153, 201, 5, 'Scheduled Surgery', '2026-04-29 13:45:18', '2026-04-29 23:48:56', 50, 'pregnancy 38wk, decreased fetal movement', 'Transferred - SNF', 'ER'),
(154, 175, 7, 'ER', '2026-02-05 12:33:58', '2026-02-05 14:17:59', 13, 'high fever, child lethargic', 'Home', 'pcp ref'),
(155, 173, 3, 'ER', '2026-04-02 11:52:24', NULL, 49, 'syncope episode at work', 'Still Admitted', 'ortho'),
(156, 11, 8, 'ER', '2025-12-10 13:45:10', '2025-12-10 16:01:23', 55, 'MVC, multiple trauma', 'Left AMA', 'Cardio'),
(157, 154, 6, 'Scheduled Surgery', '2025-10-12 18:05:36', '2025-10-13 23:57:26', 40, 'routine cardiology f/u', 'Transferred - SNF', 'Walk in'),
(158, 48, 2, 'Outpatient', '2025-11-17 02:26:57', '2025-11-17 04:51:33', 40, 'asthma exacerbation', 'Transferred - Other Facility', 'n/a'),
(159, 161, 4, 'Scheduled Surgery', '2026-01-22 09:08:53', '2026-01-25 06:26:52', 27, 'elective knee replacement', 'Home w/ Home Health', 'n/a'),
(160, 138, 7, 'ER', '2026-03-25 07:18:19', '2026-03-25 10:15:41', 13, 'post-op fever', 'Transferred - SNF', NULL),
(161, 212, 5, 'Outpatient', '2026-05-27 05:50:48', '2026-05-27 06:58:16', 49, 'vomiting/diarrhea 3 days, dehydrated', 'Transferred - SNF', 'ortho'),
(162, 19, 4, 'Inpatient', '2025-11-17 04:58:02', NULL, 49, 'pregnancy 38wk, decreased fetal movement', 'Still Admitted', 'Emergency Rm'),
(163, 22, 8, 'ER', '2025-07-29 03:03:20', '2025-07-29 04:52:55', 18, 'high fever, child lethargic', 'Home', 'Walk in'),
(164, 257, 2, 'Outpatient', '2026-03-12 03:17:09', '2026-03-12 05:35:48', 40, 'abd pain RLQ, r/o appy', 'Deceased', 'walk-in'),
(165, 55, 3, 'Inpatient', '2025-11-18 16:00:02', '2025-11-25 19:30:48', 55, 'syncope episode at work', 'Transferred - Other Facility', 'Walk in'),
(166, 75, 6, 'Scheduled Surgery', '2026-01-05 11:13:12', NULL, 55, 'labor contractions 4 min apart', 'Still Admitted', 'er'),
(167, 130, 7, 'Outpatient', '2026-05-24 13:12:40', '2026-05-24 15:00:40', 30, 'fall at home, hip pain', 'Left AMA', 'pcp ref'),
(168, 121, 5, 'Inpatient', '2025-09-21 15:58:40', '2025-09-22 11:42:10', 40, 'vomiting/diarrhea 3 days, dehydrated', 'Left AMA', 'Cardio'),
(169, 52, 3, 'Outpatient', '2026-03-17 02:24:58', '2026-03-17 06:58:26', 18, 'elective knee replacement', 'Home', NULL),
(170, 70, 1, 'Scheduled Surgery', '2025-10-11 22:52:32', '2025-10-15 01:57:36', 50, 'vomiting/diarrhea 3 days, dehydrated', 'Deceased', 'n/a'),
(171, 164, 8, 'Scheduled Surgery', '2025-09-07 09:29:27', '2025-09-09 00:34:29', 50, 'chest pain radiating to left arm', 'Left AMA', 'Walk in'),
(172, 12, 4, 'ER', '2026-02-22 07:13:07', '2026-02-22 08:51:56', 50, 'chest pain radiating to left arm', 'Transferred - SNF', 'Emerg.'),
(173, 223, 8, 'Scheduled Surgery', '2025-08-30 08:10:23', '2025-09-01 10:38:53', 27, 'post-op fever', 'Home w/ Home Health', 'unknown'),
(174, 145, 4, 'Scheduled Surgery', '2025-10-01 14:52:26', '2025-10-02 19:13:21', 47, 'chest pain radiating to left arm', 'Transferred - Other Facility', 'Emergency'),
(175, 241, 3, 'Outpatient', '2026-06-20 14:28:28', '2026-06-20 19:01:22', NULL, 'back pain, unable to bear wt', 'Home', 'Walk in'),
(176, 182, 1, 'ER', '2025-11-07 18:22:11', '2025-11-08 00:30:02', 18, 'back pain, unable to bear wt', 'Transferred - Other Facility', 'Self-referred'),
(177, 174, 8, 'Inpatient', '2025-08-15 11:33:11', '2025-08-25 06:39:17', 40, 'syncope episode at work', 'Transferred - SNF', 'pcp ref'),
(178, 136, 6, 'Scheduled Surgery', '2025-09-23 11:29:18', '2025-09-26 02:47:13', NULL, 'shortness of breath x2 days', 'Left AMA', 'ED'),
(179, 118, 3, 'ER', '2026-02-26 09:28:28', '2026-02-26 11:58:57', 47, 'high fever, child lethargic', 'Deceased', 'self'),
(180, 76, 2, 'Outpatient', '2025-08-17 07:25:03', '2025-08-17 10:42:56', 1, 'allergic rxn, facial swelling', 'Transferred - Other Facility', 'Self-referred'),
(181, 93, 7, 'ER', '2025-11-04 18:08:08', '2025-11-04 19:28:23', 13, 'abd pain RLQ, r/o appy', 'Transferred - Other Facility', 'Cardio'),
(182, 15, 2, 'Scheduled Surgery', '2026-06-28 17:28:15', '2026-07-01 10:31:34', 50, 'post-op fever', 'Left AMA', 'ED'),
(183, 25, 5, 'Outpatient', '2025-07-29 02:34:29', '2025-07-29 04:28:41', 27, 'chest tightness, anxious, r/o MI', 'Left AMA', 'Emergency Rm'),
(184, 207, 5, 'Inpatient', '2025-08-31 10:52:11', '2025-09-07 11:02:27', 37, 'post-op fever', 'Deceased', 'Self-referred'),
(185, 251, 8, 'Scheduled Surgery', '2026-03-01 09:46:30', '2026-03-03 06:50:40', 49, 'elective knee replacement', 'Left AMA', 'Cardio'),
(186, 115, 3, 'Scheduled Surgery', '2026-03-27 22:55:17', '2026-03-29 07:57:24', 30, 'confusion, elderly pt, family concerned', 'Home w/ Home Health', 'Walk in'),
(187, 219, 5, 'ER', '2026-04-09 02:47:11', '2026-04-09 10:25:29', 50, 'confusion, elderly pt, family concerned', 'Transferred - SNF', 'Emergency'),
(188, 9, 2, 'Scheduled Surgery', '2025-09-30 06:38:02', '2025-10-03 05:48:08', 30, 'MVC, multiple trauma', 'Deceased', 'Cardio'),
(189, 109, 3, 'ER', '2026-05-06 09:26:29', '2026-05-06 17:23:17', 40, 'routine cardiology f/u', 'Left AMA', 'n/a'),
(190, 250, 5, 'Outpatient', '2026-06-19 14:22:53', '2026-06-19 15:55:50', 27, 'pregnancy 38wk, decreased fetal movement', 'Home w/ Home Health', 'self'),
(191, 75, 4, 'Scheduled Surgery', '2026-05-17 19:36:33', '2026-05-18 16:33:31', 47, 'back pain, unable to bear wt', 'Home w/ Home Health', 'self'),
(192, 11, 8, 'Inpatient', '2025-10-12 10:44:04', '2025-10-18 22:28:04', 50, 'asthma exacerbation', 'Left AMA', 'unknown'),
(193, 149, 1, 'Scheduled Surgery', '2026-01-21 17:41:54', '2026-01-22 20:34:11', 40, 'laceration to forearm, needs sutures', 'Home', 'transfer-outside hospital'),
(194, 33, 5, 'Scheduled Surgery', '2026-02-28 04:15:27', '2026-03-01 12:10:42', 47, 'confusion, elderly pt, family concerned', 'Home w/ Home Health', 'Walk in'),
(195, 113, 6, 'Scheduled Surgery', '2025-09-06 10:40:55', '2025-09-08 01:06:17', 18, 'post-op fever', 'Left AMA', 'unknown'),
(196, 145, 2, 'Scheduled Surgery', '2025-09-05 06:18:33', '2025-09-06 15:38:16', 1, 'syncope episode at work', 'Home w/ Home Health', 'Cards'),
(197, 183, 3, 'Inpatient', '2026-03-15 01:09:50', '2026-03-20 21:17:44', 1, 'syncope episode at work', 'Transferred - SNF', 'transfer from City General'),
(198, 78, 2, 'ER', '2026-02-10 16:38:37', '2026-02-11 06:18:51', 1, 'high fever, child lethargic', 'Home', 'Self-referred'),
(199, 86, 2, 'Inpatient', '2026-01-02 05:43:02', '2026-01-11 00:11:22', 18, 'post-op fever', 'Transferred - SNF', 'Emerg.'),
(200, 225, 7, 'ER', '2025-11-03 17:14:44', '2025-11-03 19:21:12', 49, 'labor contractions 4 min apart', 'Deceased', 'ortho');
INSERT INTO dbo.Encounters (EncounterID, PatientID, DepartmentID, AdmissionType, AdmitDateTime, DischargeDateTime, AttendingStaffID, ChiefComplaint, DischargeDisposition, ReferralSourceRaw) VALUES
(201, 71, 7, 'Scheduled Surgery', '2026-01-26 16:42:09', '2026-01-29 20:00:58', 13, 'laceration to forearm, needs sutures', 'Deceased', 'Emergency'),
(202, 162, 7, 'Inpatient', '2026-02-08 02:14:16', '2026-02-14 01:14:12', 49, 'vomiting/diarrhea 3 days, dehydrated', 'Deceased', 'pcp ref'),
(203, 206, 5, 'Outpatient', '2025-12-24 00:17:15', '2025-12-24 01:35:42', 50, 'elective knee replacement', 'Transferred - Other Facility', NULL),
(204, 177, 7, 'Inpatient', '2025-12-02 03:04:06', NULL, 18, 'asthma exacerbation', 'Still Admitted', 'Self-referred'),
(205, 146, 4, 'ER', '2026-03-19 20:05:23', '2026-03-20 05:21:13', 30, 'vomiting/diarrhea 3 days, dehydrated', 'Transferred - SNF', 'peds clinic'),
(206, 259, 2, 'ER', '2026-01-07 09:27:26', '2026-01-07 11:04:39', NULL, 'labor contractions 4 min apart', 'Deceased', 'Cardio'),
(207, 120, 6, 'Outpatient', '2025-11-23 20:51:13', '2025-11-23 22:42:56', 18, 'vomiting/diarrhea 3 days, dehydrated', 'Transferred - SNF', 'ICU step-down'),
(208, 211, 2, 'ER', '2025-08-01 15:28:10', '2025-08-01 22:16:10', 30, 'back pain, unable to bear wt', 'Transferred - Other Facility', 'transfer-outside hospital'),
(209, 217, 8, 'Scheduled Surgery', '2026-01-30 05:55:44', '2026-02-02 17:37:24', 47, 'shortness of breath x2 days', 'Home', 'self'),
(210, 81, 6, 'ER', '2026-05-05 14:52:38', '2026-05-05 19:38:30', 47, 'abd pain RLQ, r/o appy', 'Transferred - SNF', 'ER'),
(211, 73, 7, 'ER', '2025-12-04 10:19:16', '2025-12-04 17:40:31', 30, 'elective knee replacement', 'Left AMA', 'transfer-outside hospital'),
(212, 173, 7, 'Scheduled Surgery', '2026-05-07 04:50:07', '2026-05-10 16:48:22', 50, 'routine cardiology f/u', 'Transferred - SNF', 'n/a'),
(213, 210, 7, 'Inpatient', '2026-01-19 12:20:33', '2026-01-26 03:36:41', NULL, 'uncontrolled htn, HA', 'Deceased', NULL),
(214, 64, 2, 'Inpatient', '2026-05-13 19:43:39', '2026-05-18 20:13:04', 49, 'chest pain radiating to left arm', 'Home', 'Emergency Rm'),
(215, 141, 4, 'Inpatient', '2026-06-27 21:06:03', '2026-06-28 19:21:25', 18, 'chest pain radiating to left arm', 'Home', 'ortho'),
(216, 163, 7, 'Outpatient', '2025-08-16 04:10:26', '2025-08-16 05:40:42', 1, 'laceration to forearm, needs sutures', 'Left AMA', 'unknown'),
(217, 93, 1, 'ER', '2025-11-30 14:11:50', '2025-12-01 02:48:22', 50, 'labor contractions 4 min apart', 'Home', 'transfer-outside hospital'),
(218, 253, 7, 'ER', '2025-11-15 02:12:27', '2025-11-15 04:03:30', 50, 'high fever, child lethargic', 'Home', 'n/a'),
(219, 127, 3, 'Outpatient', '2026-04-17 14:48:33', '2026-04-17 19:36:54', 49, 'asthma exacerbation', 'Home w/ Home Health', 'ortho'),
(220, 232, 1, 'ER', '2026-02-23 22:36:00', '2026-02-23 23:36:25', 37, 'post-op fever', 'Deceased', NULL),
(221, 262, 5, 'ER', '2025-09-21 19:26:44', '2025-09-22 01:35:04', 27, 'confusion, elderly pt, family concerned', 'Transferred - SNF', 'unknown'),
(222, 163, 6, 'Outpatient', '2026-06-28 16:28:58', '2026-06-28 18:08:28', 1, 'back pain, unable to bear wt', 'Deceased', 'unknown'),
(223, 3, 1, 'Inpatient', '2026-01-28 20:14:08', '2026-02-05 19:44:28', 55, 'high fever, child lethargic', 'Home', 'Ortho clinic'),
(224, 181, 7, 'Outpatient', '2026-01-15 06:27:04', '2026-01-15 07:38:14', 1, 'SOB + productive cough, hx COPD', 'Home', 'PCP referral'),
(225, 99, 2, 'Outpatient', '2025-10-22 08:31:44', '2025-10-22 11:44:22', 55, 'high fever, child lethargic', 'Home', 'Cardiology dept'),
(226, 143, 8, 'Inpatient', '2026-04-09 07:03:17', '2026-04-10 09:57:25', 50, 'confusion, elderly pt, family concerned', 'Home', 'Walk in'),
(227, 141, 4, 'ER', '2026-06-20 19:24:13', '2026-06-21 07:53:02', NULL, 'vomiting/diarrhea 3 days, dehydrated', 'Deceased', 'Cardio'),
(228, 209, 5, 'ER', '2026-06-14 18:52:13', '2026-06-15 05:44:15', 37, 'chest tightness, anxious, r/o MI', 'Left AMA', 'ER'),
(229, 100, 6, 'ER', '2026-04-19 00:55:25', '2026-04-19 10:53:15', 55, 'high fever, child lethargic', 'Transferred - SNF', NULL),
(230, 15, 8, 'Scheduled Surgery', '2025-07-13 21:34:24', '2025-07-17 17:51:56', 49, 'fall at home, hip pain', 'Home', 'Walk in'),
(231, 225, 2, 'Scheduled Surgery', '2026-04-23 04:32:41', '2026-04-23 16:23:50', 47, 'uncontrolled htn, HA', 'Home w/ Home Health', 'er'),
(232, 222, 2, 'ER', '2026-06-12 02:01:52', '2026-06-12 07:59:24', 50, 'elective knee replacement', 'Transferred - Other Facility', 'ER'),
(233, 197, 8, 'Scheduled Surgery', '2026-05-14 22:32:43', '2026-05-17 09:26:54', 50, 'fall at home, hip pain', 'Home', 'ICU step-down'),
(234, 100, 3, 'Outpatient', '2025-12-29 15:19:42', '2025-12-29 16:35:07', 55, 'uncontrolled htn, HA', 'Transferred - Other Facility', 'Cards'),
(235, 75, 3, 'Scheduled Surgery', '2025-12-06 21:57:59', '2025-12-07 09:07:29', 49, 'vomiting/diarrhea 3 days, dehydrated', 'Transferred - Other Facility', 'er'),
(236, 177, 4, 'Inpatient', '2026-05-24 07:19:39', '2026-06-03 03:12:21', 50, 'routine cardiology f/u', 'Transferred - SNF', 'Cardio'),
(237, 154, 7, 'Outpatient', '2025-09-22 03:49:02', '2025-09-22 05:31:26', 27, 'back pain, unable to bear wt', 'Home w/ Home Health', 'Walk in'),
(238, 170, 7, 'Inpatient', '2026-01-21 06:42:29', '2026-01-21 05:42:29', 49, 'abd pain RLQ, r/o appy', 'Home', 'Emerg.'),
(239, 149, 8, 'Inpatient', '2026-05-20 21:19:27', '2026-05-24 02:05:57', 37, 'labor contractions 4 min apart', 'Transferred - SNF', 'transfer from City General'),
(240, 92, 4, 'ER', '2025-09-29 09:31:53', '2025-09-29 19:20:17', 27, 'SOB + productive cough, hx COPD', 'Home w/ Home Health', 'Cards'),
(241, 88, 7, 'ER', '2025-08-30 05:15:31', '2025-08-30 08:43:26', 27, 'routine cardiology f/u', 'Left AMA', 'er'),
(242, 97, 5, 'Inpatient', '2025-12-15 08:59:57', '2025-12-25 01:47:26', 47, 'routine cardiology f/u', 'Home w/ Home Health', 'n/a'),
(243, 34, 3, 'Scheduled Surgery', '2026-05-27 18:32:16', '2026-05-29 20:02:04', 50, 'pregnancy 38wk, decreased fetal movement', 'Left AMA', 'Cardiology dept'),
(244, 19, 4, 'Inpatient', '2025-10-12 16:27:35', '2025-10-18 14:43:55', 13, 'fall at home, hip pain', 'Transferred - SNF', 'ED'),
(245, 152, 8, 'Outpatient', '2025-10-26 21:15:41', '2025-10-27 00:14:33', 40, 'MVC, multiple trauma', 'Left AMA', 'ER'),
(246, 227, 4, 'Outpatient', '2026-05-27 02:45:46', '2026-05-27 06:04:59', 13, 'shortness of breath x2 days', 'Home w/ Home Health', 'Cards'),
(247, 103, 6, 'Inpatient', '2026-06-11 11:59:14', '2026-06-13 19:27:13', 49, 'chest pain radiating to left arm', 'Home w/ Home Health', 'PCP referral'),
(248, 154, 5, 'Outpatient', '2026-01-23 14:46:23', '2026-01-23 18:52:14', 27, 'labor contractions 4 min apart', 'Left AMA', 'self'),
(249, 265, 8, 'Scheduled Surgery', '2025-12-22 03:07:35', '2025-12-24 01:37:25', NULL, 'allergic rxn, facial swelling', 'Transferred - Other Facility', 'ED'),
(250, 66, 5, 'ER', '2026-03-13 23:59:16', '2026-03-14 06:26:12', 50, 'allergic rxn, facial swelling', 'Transferred - Other Facility', 'ER'),
(251, 17, 3, 'Inpatient', '2025-12-17 20:41:13', '2025-12-27 16:09:58', 40, 'back pain, unable to bear wt', 'Left AMA', 'walk-in'),
(252, 56, 6, 'Scheduled Surgery', '2026-05-24 11:05:30', '2026-05-26 13:04:00', 40, 'post-op fever', 'Home w/ Home Health', 'pcp ref'),
(253, 120, 5, 'ER', '2026-02-18 02:05:30', '2026-02-17 23:05:30', 13, 'asthma exacerbation', 'Left AMA', 'ED'),
(254, 215, 8, 'ER', '2026-01-16 07:31:03', '2026-01-16 14:08:09', 49, 'elective knee replacement', 'Transferred - SNF', 'ICU step-down'),
(255, 142, 4, 'ER', '2025-09-12 16:13:42', '2025-09-13 03:43:36', 1, 'fall at home, hip pain', 'Left AMA', 'peds clinic'),
(256, 148, 8, 'Outpatient', '2026-06-24 10:49:47', '2026-06-24 13:36:45', 55, 'allergic rxn, facial swelling', 'Left AMA', 'Emergency Rm'),
(257, 49, 7, 'ER', '2025-10-31 05:45:00', '2025-10-31 10:32:40', 40, 'high fever, child lethargic', 'Home w/ Home Health', 'transfer from City General'),
(258, 189, 2, 'ER', '2026-03-16 11:52:11', '2026-03-16 15:33:56', 40, 'chest tightness, anxious, r/o MI', 'Deceased', 'Cardio'),
(259, 100, 7, 'ER', '2025-07-06 09:07:27', '2025-07-06 14:22:35', 47, 'back pain, unable to bear wt', 'Transferred - Other Facility', 'ED'),
(260, 143, 3, 'Inpatient', '2025-07-10 22:05:59', '2025-07-12 03:47:21', 47, 'MVC, multiple trauma', 'Deceased', 'Cards'),
(261, 111, 1, 'Inpatient', '2026-02-12 01:44:19', '2026-02-21 02:15:24', 50, 'shortness of breath x2 days', 'Transferred - SNF', 'ER'),
(262, 194, 4, 'Inpatient', '2026-01-08 08:41:05', '2026-01-08 07:41:05', 27, 'fall at home, hip pain', 'Home', 'n/a'),
(263, 113, 2, 'Inpatient', '2025-09-24 01:36:08', '2025-09-26 08:49:08', 40, 'labor contractions 4 min apart', 'Transferred - Other Facility', 'Emerg.'),
(264, 110, 2, 'Outpatient', '2025-12-13 06:19:16', NULL, NULL, 'elective knee replacement', 'Still Admitted', 'walk-in'),
(265, 113, 2, 'Outpatient', '2026-05-29 22:42:57', '2026-05-30 00:52:27', 50, 'syncope episode at work', 'Home', 'Emergency Rm'),
(266, 49, 6, 'Scheduled Surgery', '2026-06-13 04:50:23', '2026-06-15 06:13:53', NULL, 'elective knee replacement', 'Transferred - SNF', 'transfer-outside hospital'),
(267, 196, 4, 'ER', '2025-10-28 00:46:20', '2025-10-28 05:47:14', 47, 'post-op fever', 'Home', 'pcp ref'),
(268, 78, 7, 'Inpatient', '2026-05-25 01:22:48', '2026-06-02 21:24:42', 1, 'vomiting/diarrhea 3 days, dehydrated', 'Transferred - SNF', 'Self-referred'),
(269, 148, 1, 'Inpatient', '2025-12-17 12:28:42', '2025-12-20 09:05:57', 40, 'laceration to forearm, needs sutures', 'Deceased', 'Self-referred'),
(270, 94, 8, 'ER', '2025-08-03 17:54:00', '2025-08-04 03:08:48', 27, 'confusion, elderly pt, family concerned', 'Transferred - Other Facility', 'Walk in'),
(271, 41, 7, 'Scheduled Surgery', '2025-12-07 05:58:36', '2025-12-09 04:19:15', 47, 'SOB + productive cough, hx COPD', 'Deceased', 'Emergency'),
(272, 204, 7, 'Inpatient', '2026-02-27 16:04:12', '2026-03-09 05:31:36', 13, 'routine cardiology f/u', 'Left AMA', 'pcp ref'),
(273, 79, 3, 'Outpatient', '2026-01-11 16:52:51', '2026-01-11 20:01:31', 27, 'chest pain radiating to left arm', 'Home w/ Home Health', 'ER'),
(274, 257, 6, 'Scheduled Surgery', '2026-01-24 15:08:22', '2026-01-27 02:05:14', 13, 'allergic rxn, facial swelling', 'Left AMA', 'Cardiology dept'),
(275, 84, 4, 'Scheduled Surgery', '2025-11-08 12:41:28', '2025-11-12 06:04:40', 47, 'SOB + productive cough, hx COPD', 'Deceased', 'er'),
(276, 15, 3, 'Outpatient', '2026-05-06 16:34:59', '2026-05-06 20:15:50', 55, 'chest tightness, anxious, r/o MI', 'Home', 'ICU step-down'),
(277, 204, 2, 'Inpatient', '2026-02-02 06:02:14', '2026-02-09 00:10:19', 13, 'pregnancy 38wk, decreased fetal movement', 'Transferred - SNF', 'Emerg.'),
(278, 177, 3, 'Outpatient', '2025-10-16 14:29:22', '2025-10-16 12:29:22', NULL, 'vomiting/diarrhea 3 days, dehydrated', 'Left AMA', 'Emergency'),
(279, 214, 5, 'Scheduled Surgery', '2025-09-26 06:25:21', '2025-09-28 04:58:55', 1, 'MVC, multiple trauma', 'Home w/ Home Health', 'peds clinic'),
(280, 99, 5, 'Scheduled Surgery', '2026-02-11 22:49:20', '2026-02-12 16:02:36', 50, 'back pain, unable to bear wt', 'Home', 'Walk in'),
(281, 249, 2, 'ER', '2025-08-01 09:41:15', '2025-08-01 04:41:15', 49, 'chest tightness, anxious, r/o MI', 'Home', 'ER'),
(282, 137, 8, 'Scheduled Surgery', '2025-12-20 22:00:16', '2025-12-24 16:41:37', 50, 'SOB + productive cough, hx COPD', 'Deceased', 'er'),
(283, 170, 2, 'ER', '2026-02-19 14:37:45', '2026-02-19 17:26:03', 27, 'elective knee replacement', 'Deceased', 'Cards'),
(284, 244, 7, 'Inpatient', '2025-07-02 23:13:53', '2025-07-03 21:39:48', 27, 'back pain, unable to bear wt', 'Transferred - SNF', 'unknown'),
(285, 205, 2, 'Outpatient', '2026-02-05 17:20:06', '2026-02-05 21:52:24', 50, 'confusion, elderly pt, family concerned', 'Home w/ Home Health', 'ICU step-down'),
(286, 17, 3, 'Scheduled Surgery', '2025-08-14 10:58:18', '2025-08-18 06:55:34', 27, 'post-op fever', 'Left AMA', 'Walk in'),
(287, 88, 2, 'ER', '2026-02-08 01:03:50', '2026-02-08 13:47:53', 55, 'abd pain RLQ, r/o appy', 'Left AMA', 'Emerg.'),
(288, 252, 2, 'Outpatient', '2025-10-23 20:58:13', '2025-10-23 23:32:37', 49, 'labor contractions 4 min apart', 'Left AMA', 'ortho'),
(289, 115, 5, 'ER', '2025-11-26 03:11:32', '2025-11-26 11:53:26', 40, 'chest pain radiating to left arm', 'Home w/ Home Health', 'transfer-outside hospital'),
(290, 160, 1, 'Inpatient', '2026-01-15 15:25:35', '2026-01-21 01:55:46', 1, 'elective knee replacement', 'Home w/ Home Health', 'transfer from City General'),
(291, 162, 3, 'Outpatient', '2025-10-21 18:11:54', '2025-10-21 22:48:25', 30, 'high fever, child lethargic', 'Home', 'Self-referred'),
(292, 141, 8, 'Inpatient', '2026-03-11 10:36:46', '2026-03-19 19:22:13', 27, 'shortness of breath x2 days', 'Deceased', 'ICU step-down'),
(293, 92, 8, 'Scheduled Surgery', '2025-12-01 05:47:45', '2025-12-04 07:59:24', 30, 'post-op fever', 'Left AMA', 'pcp ref'),
(294, 202, 2, 'Inpatient', '2025-12-13 21:07:52', '2025-12-20 14:23:15', 30, 'post-op fever', 'Left AMA', 'ED'),
(295, 112, 4, 'ER', '2026-01-02 20:57:35', '2026-01-03 09:07:09', 13, 'back pain, unable to bear wt', 'Home w/ Home Health', 'Cards'),
(296, 92, 1, 'ER', '2026-03-21 23:40:09', '2026-03-22 02:36:01', 50, 'pregnancy 38wk, decreased fetal movement', 'Left AMA', 'Emergency Rm'),
(297, 193, 2, 'Scheduled Surgery', '2026-05-29 13:54:42', '2026-05-31 15:56:28', 27, 'allergic rxn, facial swelling', 'Deceased', 'ER'),
(298, 246, 5, 'ER', '2026-04-30 06:35:36', '2026-04-30 16:43:44', 49, 'chest tightness, anxious, r/o MI', 'Deceased', 'Emergency Rm'),
(299, 11, 7, 'Scheduled Surgery', '2025-08-02 18:53:33', '2025-08-03 19:33:51', 18, 'MVC, multiple trauma', 'Deceased', 'unknown'),
(300, 3, 8, 'Outpatient', '2025-09-01 01:25:30', '2025-09-01 05:01:07', 37, 'MVC, multiple trauma', 'Home', 'transfer from City General'),
(301, 217, 1, 'Inpatient', '2025-12-01 01:40:51', '2025-12-05 19:07:21', 37, 'asthma exacerbation', 'Deceased', 'unknown'),
(302, 262, 4, 'ER', '2026-06-05 01:37:43', '2026-06-05 06:31:29', 30, 'routine cardiology f/u', 'Home w/ Home Health', 'ED'),
(303, 217, 2, 'Outpatient', '2025-11-11 13:54:00', '2025-11-11 19:35:45', 13, 'syncope episode at work', 'Home w/ Home Health', NULL),
(304, 99, 6, 'Inpatient', '2026-01-31 05:35:18', '2026-02-03 02:01:04', 49, 'fall at home, hip pain', 'Transferred - Other Facility', 'ortho'),
(305, 169, 2, 'Outpatient', '2025-12-18 09:56:55', '2025-12-18 10:59:14', 13, 'confusion, elderly pt, family concerned', 'Home', 'Emergency Rm'),
(306, 157, 8, 'ER', '2026-03-28 12:42:11', '2026-03-28 20:52:23', 55, 'asthma exacerbation', 'Left AMA', 'transfer from City General'),
(307, 207, 8, 'Inpatient', '2025-11-10 00:20:44', '2025-11-15 21:44:57', 37, 'labor contractions 4 min apart', 'Deceased', 'ICU step-down'),
(308, 215, 8, 'Inpatient', '2026-02-10 12:53:19', '2026-02-19 23:35:27', 13, 'vomiting/diarrhea 3 days, dehydrated', 'Home w/ Home Health', 'pcp ref'),
(309, 161, 2, 'ER', '2025-08-09 08:44:22', '2025-08-09 10:29:08', 40, 'confusion, elderly pt, family concerned', 'Home', 'n/a'),
(310, 70, 8, 'Scheduled Surgery', '2026-03-21 19:23:03', '2026-03-24 17:39:30', 37, 'confusion, elderly pt, family concerned', 'Deceased', 'Walk in'),
(311, 22, 8, 'Inpatient', '2026-06-11 19:03:38', '2026-06-15 15:36:39', 37, 'laceration to forearm, needs sutures', 'Left AMA', 'Emerg.'),
(312, 128, 2, 'Outpatient', '2025-12-01 17:35:24', '2025-12-01 21:13:07', 1, 'routine cardiology f/u', 'Deceased', 'Ortho clinic'),
(313, 250, 1, 'Outpatient', '2025-07-04 22:24:38', '2025-07-05 00:50:02', 47, 'fall at home, hip pain', 'Home', 'walk-in'),
(314, 264, 3, 'Scheduled Surgery', '2025-09-02 17:44:46', NULL, 47, 'SOB + productive cough, hx COPD', 'Still Admitted', 'Cardiology dept'),
(315, 154, 6, 'Scheduled Surgery', '2025-10-02 19:31:50', '2025-10-04 09:22:01', NULL, 'post-op fever', 'Left AMA', 'ICU step-down'),
(316, 57, 4, 'Outpatient', '2025-07-21 04:52:01', '2025-07-21 06:14:55', 13, 'back pain, unable to bear wt', 'Deceased', 'ortho'),
(317, 254, 3, 'Outpatient', '2026-01-21 18:16:19', '2026-01-21 19:29:41', 49, 'labor contractions 4 min apart', 'Home w/ Home Health', 'ER'),
(318, 27, 6, 'Scheduled Surgery', '2026-05-02 00:17:32', '2026-05-02 20:01:00', 30, 'syncope episode at work', 'Transferred - Other Facility', 'Emerg.'),
(319, 127, 7, 'Inpatient', '2026-02-28 03:45:08', '2026-03-06 06:32:41', 40, 'syncope episode at work', 'Home w/ Home Health', 'er'),
(320, 99, 3, 'Scheduled Surgery', '2025-07-10 22:26:41', '2025-07-14 20:39:21', 47, 'confusion, elderly pt, family concerned', 'Home w/ Home Health', 'er'),
(321, 219, 1, 'Outpatient', '2025-08-26 09:48:10', '2025-08-26 11:39:39', NULL, 'laceration to forearm, needs sutures', 'Home', 'peds clinic'),
(322, 109, 5, 'Scheduled Surgery', '2025-11-21 22:04:58', '2025-11-22 12:48:09', 18, 'SOB + productive cough, hx COPD', 'Home', 'Cardio'),
(323, 186, 6, 'Inpatient', '2026-05-29 10:02:48', '2026-06-05 23:21:23', 55, 'post-op fever', 'Transferred - Other Facility', 'walk-in'),
(324, 229, 2, 'ER', '2026-04-06 22:32:14', '2026-04-07 12:24:09', 30, 'SOB + productive cough, hx COPD', 'Home w/ Home Health', 'transfer from City General'),
(325, 188, 8, 'ER', '2026-02-09 02:27:54', '2026-02-09 15:50:48', 50, 'post-op fever', 'Home w/ Home Health', 'er'),
(326, 204, 8, 'ER', '2025-09-23 15:56:16', '2025-09-24 03:04:10', 50, 'chest pain radiating to left arm', 'Home w/ Home Health', 'ICU step-down'),
(327, 263, 8, 'Outpatient', '2025-12-03 08:01:19', '2025-12-03 09:45:12', 30, 'syncope episode at work', 'Deceased', 'ED'),
(328, 27, 4, 'Inpatient', '2026-03-31 04:13:48', NULL, 37, 'fall at home, hip pain', 'Still Admitted', 'Cardio'),
(329, 136, 3, 'Scheduled Surgery', '2026-05-10 10:44:12', '2026-05-14 07:36:25', 1, 'allergic rxn, facial swelling', 'Home w/ Home Health', 'transfer from City General'),
(330, 55, 7, 'Outpatient', '2026-05-17 23:05:39', '2026-05-18 01:22:39', 27, 'vomiting/diarrhea 3 days, dehydrated', 'Left AMA', 'peds clinic'),
(331, 189, 3, 'Scheduled Surgery', '2025-08-17 18:03:26', '2025-08-20 17:42:37', 30, 'MVC, multiple trauma', 'Deceased', 'Emergency Rm'),
(332, 202, 4, 'ER', '2025-09-12 02:37:23', '2025-09-12 12:00:34', 40, 'chest pain radiating to left arm', 'Home', 'Cardiology dept'),
(333, 57, 1, 'ER', '2025-09-06 09:02:30', '2025-09-06 22:14:36', 37, 'fall at home, hip pain', 'Home', 'ICU step-down'),
(334, 104, 3, 'Scheduled Surgery', '2026-04-15 16:10:38', '2026-04-16 22:14:53', 1, 'asthma exacerbation', 'Transferred - Other Facility', 'Emerg.'),
(335, 152, 2, 'Scheduled Surgery', '2025-09-11 00:02:38', '2025-09-12 02:22:24', 13, 'MVC, multiple trauma', 'Deceased', 'self'),
(336, 57, 4, 'ER', '2025-11-22 13:00:33', '2025-11-22 18:41:44', 49, 'routine cardiology f/u', 'Home w/ Home Health', 'Cardio'),
(337, 93, 7, 'Inpatient', '2026-06-07 10:58:46', '2026-06-12 16:48:31', 13, 'abd pain RLQ, r/o appy', 'Transferred - SNF', 'ER'),
(338, 76, 6, 'Inpatient', '2026-01-16 16:15:49', '2026-01-22 16:00:42', 37, 'MVC, multiple trauma', 'Transferred - SNF', 'ED'),
(339, 198, 6, 'Outpatient', '2026-03-11 15:25:52', '2026-03-11 19:25:56', 49, 'asthma exacerbation', 'Home w/ Home Health', 'self'),
(340, 253, 4, 'Scheduled Surgery', '2025-08-12 21:09:08', '2025-08-13 11:00:17', NULL, 'SOB + productive cough, hx COPD', 'Transferred - SNF', 'ER'),
(341, 243, 3, 'ER', '2025-07-31 12:43:09', '2025-07-31 23:50:29', 40, 'post-op fever', 'Transferred - Other Facility', 'Walk in'),
(342, 115, 1, 'Inpatient', '2025-08-30 05:12:33', '2025-09-06 09:07:43', 50, 'chest pain radiating to left arm', 'Home', 'Emergency Rm'),
(343, 76, 6, 'Inpatient', '2025-08-10 08:55:18', '2025-08-12 14:30:52', 30, 'vomiting/diarrhea 3 days, dehydrated', 'Deceased', 'self'),
(344, 173, 8, 'ER', '2025-11-24 04:03:03', '2025-11-24 05:28:06', 47, 'syncope episode at work', 'Left AMA', 'transfer from City General'),
(345, 257, 5, 'Inpatient', '2026-02-02 05:42:32', '2026-02-09 19:08:36', 18, 'asthma exacerbation', 'Home', 'peds clinic'),
(346, 40, 8, 'Scheduled Surgery', '2025-12-08 23:45:50', '2025-12-09 23:17:22', 37, 'laceration to forearm, needs sutures', 'Home', 'unknown'),
(347, 15, 4, 'Outpatient', '2025-09-22 19:43:04', '2025-09-23 01:13:15', 13, 'allergic rxn, facial swelling', 'Home', 'transfer-outside hospital'),
(348, 23, 8, 'ER', '2025-07-25 11:27:12', '2025-07-26 01:12:01', 37, 'high fever, child lethargic', 'Transferred - SNF', 'ED'),
(349, 170, 7, 'ER', '2026-03-15 05:28:05', NULL, 1, 'MVC, multiple trauma', 'Still Admitted', 'pcp ref'),
(350, 78, 8, 'ER', '2026-05-17 03:23:47', '2026-05-17 07:11:59', 50, 'confusion, elderly pt, family concerned', 'Transferred - Other Facility', NULL),
(351, 175, 8, 'Inpatient', '2025-12-21 10:35:21', '2025-12-29 07:06:03', 50, 'abd pain RLQ, r/o appy', 'Home w/ Home Health', 'Emergency'),
(352, 255, 2, 'ER', '2025-09-12 11:16:12', '2025-09-12 22:25:43', 30, 'SOB + productive cough, hx COPD', 'Transferred - SNF', 'transfer-outside hospital'),
(353, 181, 2, 'ER', '2025-09-30 16:46:30', '2025-09-30 21:06:12', 47, 'SOB + productive cough, hx COPD', 'Home', 'er'),
(354, 147, 7, 'Scheduled Surgery', '2026-05-14 04:41:46', '2026-05-15 23:53:00', 55, 'routine cardiology f/u', 'Left AMA', 'er'),
(355, 30, 4, 'ER', '2025-09-18 03:50:01', '2025-09-18 10:01:27', 47, 'asthma exacerbation', 'Home', NULL),
(356, 239, 2, 'ER', '2025-10-01 03:56:41', '2025-10-01 14:55:53', 47, 'syncope episode at work', 'Transferred - Other Facility', 'Emerg.'),
(357, 233, 1, 'Inpatient', '2026-02-26 05:17:52', '2026-03-02 08:00:09', 47, 'shortness of breath x2 days', 'Transferred - SNF', 'walk-in'),
(358, 109, 1, 'Scheduled Surgery', '2025-11-16 09:10:39', '2025-11-19 07:16:33', 55, 'MVC, multiple trauma', 'Left AMA', 'PCP referral'),
(359, 28, 2, 'Scheduled Surgery', '2025-12-23 10:48:35', '2025-12-24 07:16:18', 50, 'chest pain radiating to left arm', 'Deceased', 'Cardiology dept'),
(360, 102, 2, 'Inpatient', '2025-12-13 11:31:26', NULL, 47, 'high fever, child lethargic', 'Still Admitted', 'Cardio'),
(361, 209, 5, 'ER', '2026-02-16 04:34:38', '2026-02-16 13:05:46', 18, 'chest tightness, anxious, r/o MI', 'Deceased', 'unknown'),
(362, 111, 6, 'Inpatient', '2025-10-06 21:00:07', '2025-10-10 06:59:24', 55, 'vomiting/diarrhea 3 days, dehydrated', 'Home', 'Ortho clinic'),
(363, 211, 6, 'Outpatient', '2026-04-04 15:30:16', '2026-04-04 16:58:17', 40, 'uncontrolled htn, HA', 'Transferred - Other Facility', 'Cardiology dept'),
(364, 224, 5, 'ER', '2025-08-14 03:46:46', '2025-08-13 23:46:46', 50, 'high fever, child lethargic', 'Home', 'transfer from City General'),
(365, 228, 1, 'Outpatient', '2026-02-01 07:42:50', '2026-02-01 09:17:22', 55, 'chest tightness, anxious, r/o MI', 'Left AMA', 'ICU step-down'),
(366, 4, 6, 'Inpatient', '2026-03-17 10:19:32', '2026-03-26 13:39:16', 40, 'chest pain radiating to left arm', 'Home', 'er'),
(367, 14, 3, 'Outpatient', '2026-03-23 21:50:36', '2026-03-24 00:42:30', 1, 'vomiting/diarrhea 3 days, dehydrated', 'Transferred - Other Facility', 'transfer-outside hospital'),
(368, 66, 7, 'Inpatient', '2026-01-23 11:34:57', '2026-01-28 18:33:11', 55, 'asthma exacerbation', 'Left AMA', 'PCP referral'),
(369, 82, 6, 'Inpatient', '2025-08-17 03:23:44', NULL, 18, 'routine cardiology f/u', 'Still Admitted', 'ER'),
(370, 41, 7, 'ER', '2025-09-05 16:31:08', '2025-09-05 19:56:38', 40, 'shortness of breath x2 days', 'Home w/ Home Health', 'PCP referral'),
(371, 141, 2, 'Inpatient', '2026-05-18 00:50:33', '2026-05-24 04:42:23', 18, 'fall at home, hip pain', 'Transferred - SNF', 'Emergency'),
(372, 254, 6, 'Inpatient', '2026-01-17 03:39:55', '2026-01-18 09:03:52', 55, 'MVC, multiple trauma', 'Left AMA', 'Ortho clinic'),
(373, 93, 5, 'ER', '2025-09-30 20:39:16', '2025-09-30 23:10:41', 18, 'syncope episode at work', 'Transferred - Other Facility', 'Self-referred'),
(374, 63, 4, 'ER', '2026-04-01 00:50:19', '2026-04-01 04:39:02', 18, 'syncope episode at work', 'Home w/ Home Health', 'PCP referral'),
(375, 247, 4, 'ER', '2025-12-26 20:04:45', '2025-12-27 07:35:46', 55, 'syncope episode at work', 'Transferred - SNF', 'ICU step-down'),
(376, 202, 2, 'Outpatient', '2025-09-23 07:29:38', '2025-09-23 10:19:27', 40, 'post-op fever', 'Transferred - Other Facility', 'ortho'),
(377, 181, 6, 'ER', '2026-02-16 06:05:21', '2026-02-16 10:22:44', 1, 'MVC, multiple trauma', 'Transferred - Other Facility', 'Emerg.'),
(378, 166, 7, 'Inpatient', '2025-12-31 08:55:54', '2026-01-02 00:49:00', 27, 'allergic rxn, facial swelling', 'Home', 'Ortho clinic'),
(379, 165, 4, 'ER', '2026-01-14 10:19:33', '2026-01-14 12:39:49', 55, 'vomiting/diarrhea 3 days, dehydrated', 'Deceased', 'ortho'),
(380, 163, 6, 'Inpatient', '2025-10-09 01:48:29', '2025-10-10 18:06:04', 27, 'chest pain radiating to left arm', 'Transferred - SNF', 'transfer-outside hospital'),
(381, 146, 1, 'ER', '2026-02-22 10:21:12', '2026-02-22 11:50:03', 13, 'uncontrolled htn, HA', 'Home', 'ortho'),
(382, 141, 6, 'Outpatient', '2026-01-21 02:54:15', '2026-01-21 05:34:02', 13, 'routine cardiology f/u', 'Deceased', 'Cards'),
(383, 53, 1, 'Inpatient', '2025-07-25 00:22:42', '2025-07-27 15:59:02', 37, 'chest pain radiating to left arm', 'Deceased', 'transfer from City General'),
(384, 27, 5, 'ER', '2025-08-26 01:44:51', '2025-08-26 07:01:43', 50, 'high fever, child lethargic', 'Home w/ Home Health', 'Ortho clinic'),
(385, 65, 6, 'Inpatient', '2026-04-26 15:02:51', '2026-05-01 16:00:53', 47, 'fall at home, hip pain', 'Transferred - SNF', 'Walk in'),
(386, 136, 5, 'ER', '2025-12-28 20:20:05', '2025-12-29 05:44:50', 1, 'post-op fever', 'Left AMA', 'n/a'),
(387, 240, 7, 'Inpatient', '2026-03-07 03:48:21', '2026-03-10 15:15:06', 18, 'high fever, child lethargic', 'Deceased', 'Self-referred'),
(388, 67, 4, 'Outpatient', '2026-01-14 16:28:21', '2026-01-14 18:00:22', 50, 'high fever, child lethargic', 'Transferred - SNF', NULL),
(389, 76, 8, 'ER', '2025-08-26 08:45:31', NULL, 47, 'confusion, elderly pt, family concerned', 'Still Admitted', 'n/a'),
(390, 232, 6, 'Outpatient', '2025-08-30 20:02:09', '2025-08-30 23:17:52', 1, 'chest tightness, anxious, r/o MI', 'Transferred - SNF', NULL),
(391, 217, 4, 'Outpatient', '2025-10-05 14:39:41', '2025-10-05 18:00:49', 27, 'shortness of breath x2 days', 'Home w/ Home Health', 'Emerg.'),
(392, 19, 5, 'Inpatient', '2025-08-03 19:22:27', '2025-08-08 00:43:45', 30, 'post-op fever', 'Deceased', 'self'),
(393, 88, 4, 'Outpatient', '2026-05-23 10:29:07', '2026-05-23 12:00:11', 27, 'laceration to forearm, needs sutures', 'Deceased', 'Emergency Rm'),
(394, 36, 3, 'Inpatient', '2025-12-18 16:34:26', '2025-12-18 12:34:26', 18, 'fall at home, hip pain', 'Left AMA', 'PCP referral'),
(395, 88, 1, 'Outpatient', '2026-02-28 21:13:55', NULL, 1, 'allergic rxn, facial swelling', 'Still Admitted', 'ER'),
(396, 149, 4, 'Inpatient', '2025-09-14 03:25:08', '2025-09-17 23:23:49', 37, 'chest pain radiating to left arm', 'Deceased', 'Ortho clinic'),
(397, 181, 5, 'Outpatient', '2026-03-23 21:41:25', '2026-03-24 01:42:33', 18, 'back pain, unable to bear wt', 'Home w/ Home Health', 'Cards'),
(398, 16, 4, 'Scheduled Surgery', '2026-01-01 07:30:41', '2026-01-04 20:27:15', 47, 'MVC, multiple trauma', 'Deceased', 'Self-referred'),
(399, 136, 6, 'Outpatient', '2026-01-17 21:27:00', '2026-01-17 22:10:33', 47, 'SOB + productive cough, hx COPD', 'Transferred - Other Facility', 'transfer-outside hospital'),
(400, 148, 2, 'ER', '2026-03-13 05:21:24', '2026-03-13 18:55:24', 30, 'elective knee replacement', 'Transferred - SNF', 'ER');
INSERT INTO dbo.Encounters (EncounterID, PatientID, DepartmentID, AdmissionType, AdmitDateTime, DischargeDateTime, AttendingStaffID, ChiefComplaint, DischargeDisposition, ReferralSourceRaw) VALUES
(401, 21, 4, 'Outpatient', '2026-04-30 04:29:38', '2026-04-30 08:37:31', 49, 'asthma exacerbation', 'Transferred - SNF', 'n/a'),
(402, 80, 2, 'Outpatient', '2025-09-12 07:09:45', '2025-09-12 07:50:21', 40, 'high fever, child lethargic', 'Deceased', 'Cardiology dept'),
(403, 134, 5, 'Outpatient', '2025-09-27 20:31:52', '2025-09-27 21:47:47', 30, 'fall at home, hip pain', 'Left AMA', 'pcp ref'),
(404, 153, 8, 'Inpatient', '2026-01-09 15:54:24', '2026-01-16 16:07:26', 40, 'elective knee replacement', 'Transferred - SNF', 'ortho'),
(405, 15, 1, 'Scheduled Surgery', '2025-08-15 05:07:06', '2025-08-17 12:00:45', 1, 'abd pain RLQ, r/o appy', 'Transferred - Other Facility', 'Cardiology dept'),
(406, 207, 1, 'Scheduled Surgery', '2026-03-23 16:45:22', '2026-03-26 04:14:48', 37, 'high fever, child lethargic', 'Transferred - SNF', 'er'),
(407, 262, 1, 'Inpatient', '2026-03-22 05:14:54', '2026-03-28 19:05:33', 1, 'routine cardiology f/u', 'Deceased', 'self'),
(408, 103, 2, 'ER', '2025-07-01 05:34:16', '2025-07-01 07:49:49', 13, 'chest tightness, anxious, r/o MI', 'Left AMA', 'pcp ref'),
(409, 248, 3, 'Inpatient', '2026-04-06 09:28:34', '2026-04-11 00:03:09', 55, 'MVC, multiple trauma', 'Home w/ Home Health', 'Walk in'),
(410, 262, 4, 'Scheduled Surgery', '2026-03-03 10:33:35', '2026-03-05 03:17:00', 40, 'chest pain radiating to left arm', 'Home', 'ED'),
(411, 146, 8, 'ER', '2026-04-15 14:10:43', NULL, 55, 'elective knee replacement', 'Still Admitted', 'unknown'),
(412, 22, 6, 'Inpatient', '2026-02-25 16:41:16', '2026-03-02 23:25:07', 49, 'MVC, multiple trauma', 'Deceased', 'Emergency'),
(413, 78, 6, 'Outpatient', '2026-02-21 05:05:55', '2026-02-21 07:45:54', 50, 'MVC, multiple trauma', 'Left AMA', 'n/a'),
(414, 260, 5, 'Inpatient', '2026-06-23 11:47:57', '2026-06-24 15:12:18', 13, 'high fever, child lethargic', 'Deceased', 'n/a'),
(415, 256, 8, 'Outpatient', '2025-10-27 08:36:53', '2025-10-27 11:13:37', 13, 'fall at home, hip pain', 'Home', 'er'),
(416, 227, 6, 'ER', '2025-09-28 11:41:34', '2025-09-28 14:25:28', 30, 'post-op fever', 'Left AMA', 'Walk in'),
(417, 83, 7, 'Inpatient', '2025-08-14 21:11:38', NULL, 1, 'chest pain radiating to left arm', 'Still Admitted', 'ED'),
(418, 185, 7, 'ER', '2025-12-22 06:44:48', '2025-12-22 17:12:51', 37, 'asthma exacerbation', 'Left AMA', 'unknown'),
(419, 71, 2, 'Scheduled Surgery', '2026-02-04 22:46:21', '2026-02-05 15:23:09', NULL, 'laceration to forearm, needs sutures', 'Home w/ Home Health', 'transfer from City General'),
(420, 12, 4, 'Outpatient', '2025-11-06 14:12:53', '2025-11-06 20:02:21', 49, 'chest tightness, anxious, r/o MI', 'Transferred - Other Facility', 'pcp ref'),
(421, 30, 2, 'Scheduled Surgery', '2025-11-12 23:47:00', NULL, 37, 'abd pain RLQ, r/o appy', 'Still Admitted', 'er'),
(422, 105, 6, 'ER', '2025-10-29 17:58:11', '2025-10-30 06:43:33', 50, 'routine cardiology f/u', 'Home', 'peds clinic'),
(423, 42, 8, 'Inpatient', '2025-11-16 01:31:11', '2025-11-21 02:24:38', NULL, 'chest pain radiating to left arm', 'Home w/ Home Health', 'er'),
(424, 101, 7, 'ER', '2026-04-09 17:33:19', '2026-04-10 03:35:45', 50, 'SOB + productive cough, hx COPD', 'Left AMA', 'Cards'),
(425, 100, 6, 'Scheduled Surgery', '2025-07-30 08:40:17', '2025-08-02 14:03:27', NULL, 'labor contractions 4 min apart', 'Transferred - Other Facility', 'ER'),
(426, 30, 2, 'ER', '2025-09-03 15:58:02', '2025-09-03 21:30:46', 55, 'fall at home, hip pain', 'Transferred - Other Facility', 'Emerg.'),
(427, 40, 5, 'Inpatient', '2026-03-11 12:59:47', '2026-03-15 12:39:26', 30, 'asthma exacerbation', 'Deceased', 'Cardio'),
(428, 258, 2, 'ER', '2025-12-25 14:57:28', '2025-12-25 19:35:41', 49, 'high fever, child lethargic', 'Home w/ Home Health', 'walk-in'),
(429, 191, 3, 'ER', '2025-10-29 16:01:48', '2025-10-29 18:30:54', 13, 'syncope episode at work', 'Left AMA', 'er'),
(430, 197, 8, 'ER', '2026-01-12 14:00:18', '2026-01-12 19:56:10', 37, 'routine cardiology f/u', 'Home', 'ER'),
(431, 173, 5, 'Inpatient', '2025-07-15 12:24:48', '2025-07-24 20:07:35', 55, 'asthma exacerbation', 'Home', 'pcp ref'),
(432, 238, 7, 'Outpatient', '2025-09-22 13:52:56', '2025-09-22 19:22:28', 27, 'uncontrolled htn, HA', 'Transferred - SNF', 'transfer from City General'),
(433, 173, 7, 'ER', '2026-05-12 09:59:09', '2026-05-12 21:09:26', 30, 'elective knee replacement', 'Transferred - Other Facility', 'Emergency Rm'),
(434, 237, 1, 'Scheduled Surgery', '2025-07-05 16:58:57', NULL, 49, 'vomiting/diarrhea 3 days, dehydrated', 'Still Admitted', 'walk-in'),
(435, 30, 2, 'Outpatient', '2026-05-09 20:04:39', '2026-05-10 00:47:25', 18, 'routine cardiology f/u', 'Home w/ Home Health', 'ED'),
(436, 26, 4, 'ER', '2026-06-01 01:24:06', '2026-06-01 08:07:32', 30, 'SOB + productive cough, hx COPD', 'Deceased', 'ER'),
(437, 23, 4, 'Outpatient', '2025-08-25 02:49:15', '2025-08-25 04:26:35', 55, 'uncontrolled htn, HA', 'Deceased', 'ortho'),
(438, 74, 1, 'Outpatient', '2026-05-07 13:07:03', '2026-05-07 16:12:22', 30, 'allergic rxn, facial swelling', 'Home w/ Home Health', 'ED'),
(439, 14, 2, 'Inpatient', '2025-12-08 18:35:51', '2025-12-18 04:54:13', NULL, 'abd pain RLQ, r/o appy', 'Transferred - Other Facility', 'peds clinic'),
(440, 196, 2, 'ER', '2025-10-23 20:35:08', '2025-10-24 04:42:45', 50, 'confusion, elderly pt, family concerned', 'Transferred - Other Facility', 'self'),
(441, 226, 6, 'Outpatient', '2025-10-08 20:56:38', '2025-10-09 01:39:57', 27, 'vomiting/diarrhea 3 days, dehydrated', 'Deceased', 'Ortho clinic'),
(442, 186, 2, 'Outpatient', '2026-04-13 18:24:35', '2026-04-13 20:10:35', 27, 'allergic rxn, facial swelling', 'Home w/ Home Health', 'ortho'),
(443, 71, 5, 'Outpatient', '2025-12-22 11:25:36', '2025-12-22 12:44:34', 47, 'MVC, multiple trauma', 'Home w/ Home Health', 'ER'),
(444, 62, 7, 'Outpatient', '2026-04-10 17:06:25', '2026-04-10 19:58:47', 49, 'vomiting/diarrhea 3 days, dehydrated', 'Home w/ Home Health', 'Cardiology dept'),
(445, 182, 3, 'Scheduled Surgery', '2026-06-22 20:16:39', '2026-06-25 09:03:56', 1, 'SOB + productive cough, hx COPD', 'Home', 'Emergency'),
(446, 230, 7, 'Scheduled Surgery', '2026-02-09 10:31:57', '2026-02-12 18:20:31', 1, 'allergic rxn, facial swelling', 'Transferred - Other Facility', 'transfer-outside hospital'),
(447, 190, 8, 'Scheduled Surgery', '2025-12-12 15:58:06', '2025-12-14 18:21:53', 49, 'confusion, elderly pt, family concerned', 'Home', 'transfer-outside hospital'),
(448, 219, 5, 'Outpatient', '2026-01-13 11:35:56', '2026-01-13 17:17:48', 50, 'laceration to forearm, needs sutures', 'Left AMA', 'unknown'),
(449, 51, 6, 'Outpatient', '2025-09-23 04:18:58', '2025-09-23 05:44:50', 27, 'syncope episode at work', 'Transferred - Other Facility', 'n/a'),
(450, 73, 2, 'Inpatient', '2026-04-09 18:31:16', '2026-04-15 09:36:08', 1, 'post-op fever', 'Home', 'Cards');
GO

-- BedOccupancy: 334 rows
INSERT INTO dbo.BedOccupancy (BedLogID, BedID, DepartmentID, EncounterID, OccupiedFrom, OccupiedTo, BedStatus) VALUES
(1, '3-10', 3, 2, '2026-01-01 08:42:39', '2026-01-01 10:50:23', 'Discharged'),
(2, '5-19', 5, 5, '2026-01-12 23:04:15', '2026-01-13 09:11:10', 'Discharged'),
(3, '2-14', 2, 6, '2026-06-10 12:27:05', '2026-06-11 18:40:05', 'Discharged'),
(4, '7-15', 7, 9, '2026-04-03 01:11:08', '2026-04-05 22:01:39', 'Discharged'),
(5, '8-17', 8, 12, '2025-09-29 15:20:49', '2025-09-30 03:23:20', 'Discharged'),
(6, '3-05', 3, 13, '2025-10-19 09:15:30', '2025-10-19 16:06:23', 'Discharged'),
(7, '7-15', 7, 15, '2025-08-10 05:53:53', '2025-08-10 15:23:14', 'Discharged'),
(8, '7-10', 7, 16, '2025-10-03 00:50:27', '2025-10-10 15:46:53', 'Discharged'),
(9, '1-04', 1, 17, '2026-03-26 03:01:51', '2026-03-27 05:40:22', 'Discharged'),
(10, '1-04', 1, 18, '2026-06-05 12:59:31', '2026-06-05 20:10:55', 'Discharged'),
(11, '1-15', 1, 20, '2026-03-02 10:54:30', NULL, 'Occupied'),
(12, '4-14', 4, 21, '2026-04-14 15:54:52', '2026-04-15 21:34:57', 'Discharged'),
(13, '5-16', 5, 22, '2025-10-05 02:29:33', '2025-10-07 16:32:25', 'Discharged'),
(14, '3-09', 3, 23, '2025-11-22 09:48:03', '2025-11-22 10:54:26', 'Discharged'),
(15, '6-03', 6, 24, '2025-09-13 02:02:25', '2025-09-13 10:06:06', 'Discharged'),
(16, '8-05', 8, 25, '2025-07-18 07:15:06', '2025-07-23 07:03:21', 'Discharged'),
(17, '5-09', 5, 26, '2026-05-23 10:52:46', '2026-05-26 01:50:28', 'Discharged'),
(18, '7-04', 7, 27, '2025-07-05 01:31:44', '2025-07-12 21:16:14', 'Discharged'),
(19, '3-12', 3, 30, '2026-03-29 05:38:39', '2026-03-29 13:41:06', 'Discharged'),
(20, '6-03', 6, 31, '2026-06-03 19:37:22', '2026-06-04 05:30:16', 'Discharged'),
(21, '1-08', 1, 32, '2025-09-30 01:08:19', '2025-10-08 11:48:53', 'Discharged'),
(22, '4-03', 4, 33, '2025-07-07 07:35:59', '2025-07-07 19:25:00', 'Discharged'),
(23, '1-11', 1, 34, '2025-12-03 02:50:15', '2025-12-03 05:06:00', 'Discharged'),
(24, '2-06', 2, 38, '2026-02-21 12:56:56', '2026-02-22 01:30:50', 'Discharged'),
(25, '8-17', 8, 39, '2026-03-07 20:58:47', '2026-03-16 01:16:53', 'Discharged'),
(26, '2-11', 2, 40, '2026-05-31 21:55:44', '2026-06-06 09:29:17', 'Discharged'),
(27, '1-09', 1, 41, '2026-02-14 21:40:05', '2026-02-16 09:55:23', 'Discharged'),
(28, '2-15', 2, 42, '2026-03-14 15:49:09', '2026-03-17 08:31:17', 'Discharged'),
(29, '5-17', 5, 43, '2025-12-13 20:58:19', '2025-12-16 08:25:15', 'Discharged'),
(30, '3-03', 3, 44, '2025-07-23 08:30:03', '2025-07-23 19:24:33', 'Discharged'),
(31, '5-11', 5, 45, '2026-02-27 00:49:41', '2026-03-01 08:13:12', 'Discharged'),
(32, '1-02', 1, 48, '2026-03-29 11:06:07', '2026-04-02 07:20:17', 'Discharged'),
(33, '7-14', 7, 49, '2026-04-11 10:12:05', '2026-04-11 16:18:30', 'Discharged'),
(34, '4-04', 4, 50, '2026-02-04 11:22:24', '2026-02-06 06:58:07', 'Discharged'),
(35, '7-17', 7, 51, '2026-06-01 20:33:55', '2026-06-03 11:33:27', 'Discharged'),
(36, '2-11', 2, 53, '2025-09-07 18:17:20', '2025-09-09 18:56:06', 'Discharged'),
(37, '7-07', 7, 54, '2026-06-09 07:23:05', '2026-06-18 01:05:24', 'Discharged'),
(38, '1-18', 1, 56, '2026-03-22 22:57:40', '2026-03-24 06:41:36', 'Discharged'),
(39, '8-02', 8, 57, '2025-08-16 18:13:42', '2025-08-18 13:26:55', 'Discharged'),
(40, '8-01', 8, 58, '2025-11-06 11:47:57', '2025-11-06 23:09:12', 'Discharged'),
(41, '3-08', 3, 59, '2026-04-08 13:51:26', '2026-04-09 10:26:54', 'Discharged'),
(42, '4-05', 4, 61, '2026-02-18 14:55:59', '2026-02-21 05:30:36', 'Discharged'),
(43, '1-19', 1, 62, '2025-07-17 21:02:51', '2025-07-22 08:06:49', 'Discharged'),
(44, '7-13', 7, 64, '2026-06-22 07:36:40', '2026-07-02 04:41:24', 'Discharged'),
(45, '8-08', 8, 66, '2025-10-15 22:24:09', '2025-10-16 03:44:30', 'Discharged'),
(46, '6-07', 6, 67, '2025-08-28 12:08:04', '2025-08-28 21:08:32', 'Discharged'),
(47, '8-09', 8, 68, '2026-05-18 16:46:14', '2026-05-23 03:09:06', 'Discharged'),
(48, '6-16', 6, 70, '2025-11-17 15:04:06', '2025-11-17 20:53:56', 'Discharged'),
(49, '1-05', 1, 71, '2026-03-14 05:36:35', '2026-03-15 00:30:22', 'Discharged'),
(50, '1-16', 1, 72, '2026-01-15 19:01:04', '2026-01-17 07:00:49', 'Discharged'),
(51, '5-06', 5, 73, '2025-12-12 07:18:07', '2025-12-13 22:07:34', 'Discharged'),
(52, '1-16', 1, 75, '2026-01-13 01:57:31', '2026-01-13 12:07:09', 'Discharged'),
(53, '8-10', 8, 76, '2025-08-17 17:02:57', '2025-08-22 16:20:01', 'Discharged'),
(54, '7-05', 7, 79, '2026-04-17 12:27:32', '2026-04-19 22:08:09', 'Discharged'),
(55, '8-07', 8, 80, '2025-12-05 14:46:28', '2025-12-09 17:09:58', 'Discharged'),
(56, '3-03', 3, 81, '2026-02-17 19:20:32', '2026-02-26 15:23:42', 'Discharged'),
(57, '1-17', 1, 82, '2025-09-04 10:42:39', '2025-09-08 08:47:36', 'Discharged'),
(58, '6-07', 6, 83, '2026-01-24 13:53:32', '2026-01-27 23:47:30', 'Discharged'),
(59, '1-01', 1, 84, '2026-05-28 00:34:18', '2026-05-28 10:07:28', 'Discharged'),
(60, '8-14', 8, 85, '2026-04-09 16:23:08', '2026-04-12 16:10:03', 'Discharged'),
(61, '1-03', 1, 86, '2026-04-17 17:35:42', '2026-04-18 00:51:17', 'Discharged'),
(62, '4-16', 4, 87, '2026-05-19 02:50:34', '2026-05-21 08:59:44', 'Discharged'),
(63, '3-18', 3, 90, '2026-01-06 06:23:09', '2026-01-07 19:14:31', 'Discharged'),
(64, '7-20', 7, 91, '2026-06-04 16:01:35', '2026-06-05 16:24:45', 'Discharged'),
(65, '5-07', 5, 92, '2026-03-30 08:30:26', '2026-03-30 15:34:29', 'Discharged'),
(66, '6-06', 6, 93, '2026-05-09 23:44:27', '2026-05-11 16:56:40', 'Discharged'),
(67, '2-02', 2, 95, '2026-05-01 23:54:22', '2026-05-02 08:41:53', 'Discharged'),
(68, '2-14', 2, 96, '2025-11-07 10:43:29', '2025-11-10 13:44:24', 'Discharged'),
(69, '5-09', 5, 97, '2026-01-12 14:08:53', '2026-01-13 03:34:15', 'Discharged'),
(70, '3-20', 3, 98, '2025-10-20 22:21:13', '2025-10-23 07:46:28', 'Discharged'),
(71, '1-13', 1, 99, '2025-11-14 05:31:11', '2025-11-16 07:40:51', 'Discharged'),
(72, '7-19', 7, 100, '2025-09-01 20:39:09', '2025-09-05 20:23:02', 'Discharged'),
(73, '5-08', 5, 101, '2025-09-29 20:11:16', NULL, 'Occupied'),
(74, '8-12', 8, 102, '2026-05-20 15:56:47', '2026-05-20 19:27:23', 'Discharged'),
(75, '1-16', 1, 103, '2025-12-21 02:02:27', '2025-12-21 08:18:44', 'Discharged'),
(76, '2-17', 2, 104, '2025-09-11 17:48:00', '2025-09-12 06:44:03', 'Discharged'),
(77, '2-06', 2, 105, '2025-08-28 18:06:01', '2025-08-28 19:55:14', 'Discharged'),
(78, '6-10', 6, 106, '2025-07-24 21:35:36', '2025-07-26 23:54:32', 'Discharged'),
(79, '4-08', 4, 108, '2026-05-24 09:51:53', '2026-05-25 06:26:32', 'Discharged'),
(80, '7-10', 7, 109, '2026-04-12 08:34:45', '2026-04-12 22:16:38', 'Discharged'),
(81, '1-16', 1, 110, '2025-08-27 05:25:58', '2025-09-03 02:13:31', 'Discharged'),
(82, '8-16', 8, 111, '2025-08-23 01:54:35', '2025-08-23 13:07:16', 'Discharged'),
(83, '6-13', 6, 112, '2025-08-26 11:52:26', '2025-09-04 11:06:18', 'Discharged'),
(84, '3-20', 3, 113, '2026-01-08 04:57:58', '2026-01-08 13:51:16', 'Discharged'),
(85, '8-12', 8, 114, '2025-09-26 12:30:33', '2025-09-30 04:00:40', 'Discharged'),
(86, '4-18', 4, 115, '2026-02-22 10:09:51', NULL, 'Occupied'),
(87, '3-16', 3, 116, '2026-01-30 01:36:36', '2026-01-30 12:36:06', 'Discharged'),
(88, '1-10', 1, 117, '2025-10-20 04:49:54', '2025-10-21 01:23:38', 'Discharged'),
(89, '3-04', 3, 118, '2025-10-03 13:29:11', '2025-10-06 09:39:14', 'Discharged'),
(90, '4-08', 4, 122, '2025-08-14 02:55:08', '2025-08-14 19:00:03', 'Discharged'),
(91, '5-04', 5, 123, '2026-06-15 19:42:46', '2026-06-16 18:43:41', 'Discharged'),
(92, '2-10', 2, 126, '2025-12-10 20:55:04', '2025-12-11 00:18:58', 'Discharged'),
(93, '2-14', 2, 127, '2026-01-24 18:10:59', '2026-01-25 07:14:40', 'Discharged'),
(94, '8-15', 8, 131, '2026-02-12 10:30:31', '2026-02-15 19:42:16', 'Discharged'),
(95, '2-11', 2, 132, '2025-08-15 00:14:27', '2025-08-18 02:12:45', 'Discharged'),
(96, '7-08', 7, 134, '2026-03-09 23:28:33', '2026-03-11 02:41:20', 'Discharged'),
(97, '6-14', 6, 136, '2025-07-28 09:55:39', '2025-07-31 16:25:36', 'Discharged'),
(98, '3-04', 3, 138, '2025-10-20 05:37:37', '2025-10-20 16:57:47', 'Discharged'),
(99, '2-06', 2, 139, '2025-07-09 17:27:31', '2025-07-19 14:37:38', 'Discharged'),
(100, '3-15', 3, 140, '2026-06-18 08:14:57', '2026-06-26 02:13:06', 'Discharged'),
(101, '1-11', 1, 141, '2026-02-26 04:19:47', '2026-02-26 09:15:04', 'Discharged'),
(102, '2-04', 2, 142, '2025-11-20 21:06:29', '2025-11-23 16:14:36', 'Discharged'),
(103, '5-12', 5, 143, '2026-04-02 00:09:27', '2026-04-09 05:31:33', 'Discharged'),
(104, '7-13', 7, 144, '2025-10-18 18:43:23', '2025-10-19 12:57:18', 'Discharged'),
(105, '6-05', 6, 145, '2025-08-29 14:00:34', '2025-08-31 21:51:42', 'Discharged'),
(106, '6-16', 6, 146, '2025-07-07 17:54:01', '2025-07-09 09:04:55', 'Discharged'),
(107, '6-16', 6, 147, '2025-12-21 07:17:28', '2025-12-28 16:38:12', 'Discharged'),
(108, '6-20', 6, 148, '2026-06-07 21:57:38', '2026-06-08 14:57:27', 'Discharged'),
(109, '1-14', 1, 149, '2026-03-13 00:58:26', '2026-03-13 10:48:12', 'Discharged'),
(110, '5-08', 5, 150, '2026-03-09 18:22:44', '2026-03-10 03:13:21', 'Discharged'),
(111, '7-01', 7, 151, '2026-02-21 01:18:36', NULL, 'Occupied'),
(112, '7-10', 7, 152, '2025-12-07 14:09:57', '2025-12-14 14:25:52', 'Discharged'),
(113, '5-09', 5, 153, '2026-04-29 13:45:18', '2026-04-29 23:48:56', 'Discharged'),
(114, '7-17', 7, 154, '2026-02-05 12:33:58', '2026-02-05 14:17:59', 'Discharged'),
(115, '3-07', 3, 155, '2026-04-02 11:52:24', NULL, 'Occupied'),
(116, '8-14', 8, 156, '2025-12-10 13:45:10', '2025-12-10 16:01:23', 'Discharged'),
(117, '6-02', 6, 157, '2025-10-12 18:05:36', '2025-10-13 23:57:26', 'Discharged'),
(118, '4-18', 4, 159, '2026-01-22 09:08:53', '2026-01-25 06:26:52', 'Discharged'),
(119, '7-11', 7, 160, '2026-03-25 07:18:19', '2026-03-25 10:15:41', 'Discharged'),
(120, '4-09', 4, 162, '2025-11-17 04:58:02', NULL, 'Occupied'),
(121, '8-11', 8, 163, '2025-07-29 03:03:20', '2025-07-29 04:52:55', 'Discharged'),
(122, '3-14', 3, 165, '2025-11-18 16:00:02', '2025-11-25 19:30:48', 'Discharged'),
(123, '6-13', 6, 166, '2026-01-05 11:13:12', NULL, 'Occupied'),
(124, '5-15', 5, 168, '2025-09-21 15:58:40', '2025-09-22 11:42:10', 'Discharged'),
(125, '1-14', 1, 170, '2025-10-11 22:52:32', '2025-10-15 01:57:36', 'Discharged'),
(126, '8-13', 8, 171, '2025-09-07 09:29:27', '2025-09-09 00:34:29', 'Discharged'),
(127, '4-09', 4, 172, '2026-02-22 07:13:07', '2026-02-22 08:51:56', 'Discharged'),
(128, '8-02', 8, 173, '2025-08-30 08:10:23', '2025-09-01 10:38:53', 'Discharged'),
(129, '4-09', 4, 174, '2025-10-01 14:52:26', '2025-10-02 19:13:21', 'Discharged'),
(130, '1-16', 1, 176, '2025-11-07 18:22:11', '2025-11-08 00:30:02', 'Discharged'),
(131, '8-08', 8, 177, '2025-08-15 11:33:11', '2025-08-25 06:39:17', 'Discharged'),
(132, '6-11', 6, 178, '2025-09-23 11:29:18', '2025-09-26 02:47:13', 'Discharged'),
(133, '3-02', 3, 179, '2026-02-26 09:28:28', '2026-02-26 11:58:57', 'Discharged'),
(134, '7-10', 7, 181, '2025-11-04 18:08:08', '2025-11-04 19:28:23', 'Discharged'),
(135, '2-15', 2, 182, '2026-06-28 17:28:15', '2026-07-01 10:31:34', 'Discharged'),
(136, '5-14', 5, 184, '2025-08-31 10:52:11', '2025-09-07 11:02:27', 'Discharged'),
(137, '8-08', 8, 185, '2026-03-01 09:46:30', '2026-03-03 06:50:40', 'Discharged'),
(138, '3-19', 3, 186, '2026-03-27 22:55:17', '2026-03-29 07:57:24', 'Discharged'),
(139, '5-06', 5, 187, '2026-04-09 02:47:11', '2026-04-09 10:25:29', 'Discharged'),
(140, '2-18', 2, 188, '2025-09-30 06:38:02', '2025-10-03 05:48:08', 'Discharged'),
(141, '3-07', 3, 189, '2026-05-06 09:26:29', '2026-05-06 17:23:17', 'Discharged'),
(142, '4-04', 4, 191, '2026-05-17 19:36:33', '2026-05-18 16:33:31', 'Discharged'),
(143, '8-20', 8, 192, '2025-10-12 10:44:04', '2025-10-18 22:28:04', 'Discharged'),
(144, '1-20', 1, 193, '2026-01-21 17:41:54', '2026-01-22 20:34:11', 'Discharged'),
(145, '5-11', 5, 194, '2026-02-28 04:15:27', '2026-03-01 12:10:42', 'Discharged'),
(146, '6-05', 6, 195, '2025-09-06 10:40:55', '2025-09-08 01:06:17', 'Discharged'),
(147, '2-20', 2, 196, '2025-09-05 06:18:33', '2025-09-06 15:38:16', 'Discharged'),
(148, '3-18', 3, 197, '2026-03-15 01:09:50', '2026-03-20 21:17:44', 'Discharged'),
(149, '2-01', 2, 198, '2026-02-10 16:38:37', '2026-02-11 06:18:51', 'Discharged'),
(150, '2-01', 2, 199, '2026-01-02 05:43:02', '2026-01-11 00:11:22', 'Discharged'),
(151, '7-13', 7, 200, '2025-11-03 17:14:44', '2025-11-03 19:21:12', 'Discharged'),
(152, '7-03', 7, 201, '2026-01-26 16:42:09', '2026-01-29 20:00:58', 'Discharged'),
(153, '7-11', 7, 202, '2026-02-08 02:14:16', '2026-02-14 01:14:12', 'Discharged'),
(154, '7-12', 7, 204, '2025-12-02 03:04:06', NULL, 'Occupied'),
(155, '4-18', 4, 205, '2026-03-19 20:05:23', '2026-03-20 05:21:13', 'Discharged'),
(156, '2-03', 2, 206, '2026-01-07 09:27:26', '2026-01-07 11:04:39', 'Discharged'),
(157, '2-02', 2, 208, '2025-08-01 15:28:10', '2025-08-01 22:16:10', 'Discharged'),
(158, '8-17', 8, 209, '2026-01-30 05:55:44', '2026-02-02 17:37:24', 'Discharged'),
(159, '6-07', 6, 210, '2026-05-05 14:52:38', '2026-05-05 19:38:30', 'Discharged'),
(160, '7-12', 7, 211, '2025-12-04 10:19:16', '2025-12-04 17:40:31', 'Discharged'),
(161, '7-18', 7, 212, '2026-05-07 04:50:07', '2026-05-10 16:48:22', 'Discharged'),
(162, '7-07', 7, 213, '2026-01-19 12:20:33', '2026-01-26 03:36:41', 'Discharged'),
(163, '2-06', 2, 214, '2026-05-13 19:43:39', '2026-05-18 20:13:04', 'Discharged'),
(164, '4-18', 4, 215, '2026-06-27 21:06:03', '2026-06-28 19:21:25', 'Discharged'),
(165, '1-13', 1, 217, '2025-11-30 14:11:50', '2025-12-01 02:48:22', 'Discharged'),
(166, '7-08', 7, 218, '2025-11-15 02:12:27', '2025-11-15 04:03:30', 'Discharged'),
(167, '1-10', 1, 220, '2026-02-23 22:36:00', '2026-02-23 23:36:25', 'Discharged'),
(168, '5-06', 5, 221, '2025-09-21 19:26:44', '2025-09-22 01:35:04', 'Discharged'),
(169, '1-12', 1, 223, '2026-01-28 20:14:08', '2026-02-05 19:44:28', 'Discharged'),
(170, '8-11', 8, 226, '2026-04-09 07:03:17', '2026-04-10 09:57:25', 'Discharged'),
(171, '4-14', 4, 227, '2026-06-20 19:24:13', '2026-06-21 07:53:02', 'Discharged'),
(172, '5-07', 5, 228, '2026-06-14 18:52:13', '2026-06-15 05:44:15', 'Discharged'),
(173, '6-18', 6, 229, '2026-04-19 00:55:25', '2026-04-19 10:53:15', 'Discharged'),
(174, '8-08', 8, 230, '2025-07-13 21:34:24', '2025-07-17 17:51:56', 'Discharged'),
(175, '2-01', 2, 231, '2026-04-23 04:32:41', '2026-04-23 16:23:50', 'Discharged'),
(176, '2-02', 2, 232, '2026-06-12 02:01:52', '2026-06-12 07:59:24', 'Discharged'),
(177, '8-01', 8, 233, '2026-05-14 22:32:43', '2026-05-17 09:26:54', 'Discharged'),
(178, '3-17', 3, 235, '2025-12-06 21:57:59', '2025-12-07 09:07:29', 'Discharged'),
(179, '4-04', 4, 236, '2026-05-24 07:19:39', '2026-06-03 03:12:21', 'Discharged'),
(180, '8-17', 8, 239, '2026-05-20 21:19:27', '2026-05-24 02:05:57', 'Discharged'),
(181, '4-13', 4, 240, '2025-09-29 09:31:53', '2025-09-29 19:20:17', 'Discharged'),
(182, '7-16', 7, 241, '2025-08-30 05:15:31', '2025-08-30 08:43:26', 'Discharged'),
(183, '5-02', 5, 242, '2025-12-15 08:59:57', '2025-12-25 01:47:26', 'Discharged'),
(184, '3-06', 3, 243, '2026-05-27 18:32:16', '2026-05-29 20:02:04', 'Discharged'),
(185, '4-10', 4, 244, '2025-10-12 16:27:35', '2025-10-18 14:43:55', 'Discharged'),
(186, '6-10', 6, 247, '2026-06-11 11:59:14', '2026-06-13 19:27:13', 'Discharged'),
(187, '8-01', 8, 249, '2025-12-22 03:07:35', '2025-12-24 01:37:25', 'Discharged'),
(188, '5-08', 5, 250, '2026-03-13 23:59:16', '2026-03-14 06:26:12', 'Discharged'),
(189, '3-08', 3, 251, '2025-12-17 20:41:13', '2025-12-27 16:09:58', 'Discharged'),
(190, '6-02', 6, 252, '2026-05-24 11:05:30', '2026-05-26 13:04:00', 'Discharged'),
(191, '8-09', 8, 254, '2026-01-16 07:31:03', '2026-01-16 14:08:09', 'Discharged'),
(192, '4-04', 4, 255, '2025-09-12 16:13:42', '2025-09-13 03:43:36', 'Discharged'),
(193, '7-13', 7, 257, '2025-10-31 05:45:00', '2025-10-31 10:32:40', 'Discharged'),
(194, '2-13', 2, 258, '2026-03-16 11:52:11', '2026-03-16 15:33:56', 'Discharged'),
(195, '7-05', 7, 259, '2025-07-06 09:07:27', '2025-07-06 14:22:35', 'Discharged'),
(196, '3-09', 3, 260, '2025-07-10 22:05:59', '2025-07-12 03:47:21', 'Discharged'),
(197, '1-03', 1, 261, '2026-02-12 01:44:19', '2026-02-21 02:15:24', 'Discharged'),
(198, '2-03', 2, 263, '2025-09-24 01:36:08', '2025-09-26 08:49:08', 'Discharged'),
(199, '6-03', 6, 266, '2026-06-13 04:50:23', '2026-06-15 06:13:53', 'Discharged'),
(200, '4-17', 4, 267, '2025-10-28 00:46:20', '2025-10-28 05:47:14', 'Discharged');
INSERT INTO dbo.BedOccupancy (BedLogID, BedID, DepartmentID, EncounterID, OccupiedFrom, OccupiedTo, BedStatus) VALUES
(201, '7-14', 7, 268, '2026-05-25 01:22:48', '2026-06-02 21:24:42', 'Discharged'),
(202, '1-01', 1, 269, '2025-12-17 12:28:42', '2025-12-20 09:05:57', 'Discharged'),
(203, '8-01', 8, 270, '2025-08-03 17:54:00', '2025-08-04 03:08:48', 'Discharged'),
(204, '7-18', 7, 271, '2025-12-07 05:58:36', '2025-12-09 04:19:15', 'Discharged'),
(205, '7-20', 7, 272, '2026-02-27 16:04:12', '2026-03-09 05:31:36', 'Discharged'),
(206, '6-05', 6, 274, '2026-01-24 15:08:22', '2026-01-27 02:05:14', 'Discharged'),
(207, '4-04', 4, 275, '2025-11-08 12:41:28', '2025-11-12 06:04:40', 'Discharged'),
(208, '2-19', 2, 277, '2026-02-02 06:02:14', '2026-02-09 00:10:19', 'Discharged'),
(209, '5-13', 5, 279, '2025-09-26 06:25:21', '2025-09-28 04:58:55', 'Discharged'),
(210, '5-07', 5, 280, '2026-02-11 22:49:20', '2026-02-12 16:02:36', 'Discharged'),
(211, '8-20', 8, 282, '2025-12-20 22:00:16', '2025-12-24 16:41:37', 'Discharged'),
(212, '2-10', 2, 283, '2026-02-19 14:37:45', '2026-02-19 17:26:03', 'Discharged'),
(213, '7-11', 7, 284, '2025-07-02 23:13:53', '2025-07-03 21:39:48', 'Discharged'),
(214, '3-14', 3, 286, '2025-08-14 10:58:18', '2025-08-18 06:55:34', 'Discharged'),
(215, '2-17', 2, 287, '2026-02-08 01:03:50', '2026-02-08 13:47:53', 'Discharged'),
(216, '5-01', 5, 289, '2025-11-26 03:11:32', '2025-11-26 11:53:26', 'Discharged'),
(217, '1-10', 1, 290, '2026-01-15 15:25:35', '2026-01-21 01:55:46', 'Discharged'),
(218, '8-09', 8, 292, '2026-03-11 10:36:46', '2026-03-19 19:22:13', 'Discharged'),
(219, '8-15', 8, 293, '2025-12-01 05:47:45', '2025-12-04 07:59:24', 'Discharged'),
(220, '2-07', 2, 294, '2025-12-13 21:07:52', '2025-12-20 14:23:15', 'Discharged'),
(221, '4-04', 4, 295, '2026-01-02 20:57:35', '2026-01-03 09:07:09', 'Discharged'),
(222, '1-09', 1, 296, '2026-03-21 23:40:09', '2026-03-22 02:36:01', 'Discharged'),
(223, '2-19', 2, 297, '2026-05-29 13:54:42', '2026-05-31 15:56:28', 'Discharged'),
(224, '5-16', 5, 298, '2026-04-30 06:35:36', '2026-04-30 16:43:44', 'Discharged'),
(225, '7-13', 7, 299, '2025-08-02 18:53:33', '2025-08-03 19:33:51', 'Discharged'),
(226, '1-10', 1, 301, '2025-12-01 01:40:51', '2025-12-05 19:07:21', 'Discharged'),
(227, '4-14', 4, 302, '2026-06-05 01:37:43', '2026-06-05 06:31:29', 'Discharged'),
(228, '6-03', 6, 304, '2026-01-31 05:35:18', '2026-02-03 02:01:04', 'Discharged'),
(229, '8-08', 8, 306, '2026-03-28 12:42:11', '2026-03-28 20:52:23', 'Discharged'),
(230, '8-14', 8, 307, '2025-11-10 00:20:44', '2025-11-15 21:44:57', 'Discharged'),
(231, '8-18', 8, 308, '2026-02-10 12:53:19', '2026-02-19 23:35:27', 'Discharged'),
(232, '2-09', 2, 309, '2025-08-09 08:44:22', '2025-08-09 10:29:08', 'Discharged'),
(233, '8-16', 8, 310, '2026-03-21 19:23:03', '2026-03-24 17:39:30', 'Discharged'),
(234, '8-10', 8, 311, '2026-06-11 19:03:38', '2026-06-15 15:36:39', 'Discharged'),
(235, '3-18', 3, 314, '2025-09-02 17:44:46', NULL, 'Occupied'),
(236, '6-17', 6, 315, '2025-10-02 19:31:50', '2025-10-04 09:22:01', 'Discharged'),
(237, '6-08', 6, 318, '2026-05-02 00:17:32', '2026-05-02 20:01:00', 'Discharged'),
(238, '7-13', 7, 319, '2026-02-28 03:45:08', '2026-03-06 06:32:41', 'Discharged'),
(239, '3-01', 3, 320, '2025-07-10 22:26:41', '2025-07-14 20:39:21', 'Discharged'),
(240, '5-16', 5, 322, '2025-11-21 22:04:58', '2025-11-22 12:48:09', 'Discharged'),
(241, '6-13', 6, 323, '2026-05-29 10:02:48', '2026-06-05 23:21:23', 'Discharged'),
(242, '2-12', 2, 324, '2026-04-06 22:32:14', '2026-04-07 12:24:09', 'Discharged'),
(243, '8-18', 8, 325, '2026-02-09 02:27:54', '2026-02-09 15:50:48', 'Discharged'),
(244, '8-04', 8, 326, '2025-09-23 15:56:16', '2025-09-24 03:04:10', 'Discharged'),
(245, '4-15', 4, 328, '2026-03-31 04:13:48', NULL, 'Occupied'),
(246, '3-08', 3, 329, '2026-05-10 10:44:12', '2026-05-14 07:36:25', 'Discharged'),
(247, '3-19', 3, 331, '2025-08-17 18:03:26', '2025-08-20 17:42:37', 'Discharged'),
(248, '4-01', 4, 332, '2025-09-12 02:37:23', '2025-09-12 12:00:34', 'Discharged'),
(249, '1-13', 1, 333, '2025-09-06 09:02:30', '2025-09-06 22:14:36', 'Discharged'),
(250, '3-08', 3, 334, '2026-04-15 16:10:38', '2026-04-16 22:14:53', 'Discharged'),
(251, '2-15', 2, 335, '2025-09-11 00:02:38', '2025-09-12 02:22:24', 'Discharged'),
(252, '4-12', 4, 336, '2025-11-22 13:00:33', '2025-11-22 18:41:44', 'Discharged'),
(253, '7-16', 7, 337, '2026-06-07 10:58:46', '2026-06-12 16:48:31', 'Discharged'),
(254, '6-19', 6, 338, '2026-01-16 16:15:49', '2026-01-22 16:00:42', 'Discharged'),
(255, '4-04', 4, 340, '2025-08-12 21:09:08', '2025-08-13 11:00:17', 'Discharged'),
(256, '3-10', 3, 341, '2025-07-31 12:43:09', '2025-07-31 23:50:29', 'Discharged'),
(257, '1-11', 1, 342, '2025-08-30 05:12:33', '2025-09-06 09:07:43', 'Discharged'),
(258, '6-05', 6, 343, '2025-08-10 08:55:18', '2025-08-12 14:30:52', 'Discharged'),
(259, '8-03', 8, 344, '2025-11-24 04:03:03', '2025-11-24 05:28:06', 'Discharged'),
(260, '5-04', 5, 345, '2026-02-02 05:42:32', '2026-02-09 19:08:36', 'Discharged'),
(261, '8-18', 8, 346, '2025-12-08 23:45:50', '2025-12-09 23:17:22', 'Discharged'),
(262, '8-06', 8, 348, '2025-07-25 11:27:12', '2025-07-26 01:12:01', 'Discharged'),
(263, '7-07', 7, 349, '2026-03-15 05:28:05', NULL, 'Occupied'),
(264, '8-16', 8, 350, '2026-05-17 03:23:47', '2026-05-17 07:11:59', 'Discharged'),
(265, '8-19', 8, 351, '2025-12-21 10:35:21', '2025-12-29 07:06:03', 'Discharged'),
(266, '2-08', 2, 352, '2025-09-12 11:16:12', '2025-09-12 22:25:43', 'Discharged'),
(267, '2-03', 2, 353, '2025-09-30 16:46:30', '2025-09-30 21:06:12', 'Discharged'),
(268, '7-05', 7, 354, '2026-05-14 04:41:46', '2026-05-15 23:53:00', 'Discharged'),
(269, '4-13', 4, 355, '2025-09-18 03:50:01', '2025-09-18 10:01:27', 'Discharged'),
(270, '2-20', 2, 356, '2025-10-01 03:56:41', '2025-10-01 14:55:53', 'Discharged'),
(271, '1-16', 1, 357, '2026-02-26 05:17:52', '2026-03-02 08:00:09', 'Discharged'),
(272, '1-17', 1, 358, '2025-11-16 09:10:39', '2025-11-19 07:16:33', 'Discharged'),
(273, '2-19', 2, 359, '2025-12-23 10:48:35', '2025-12-24 07:16:18', 'Discharged'),
(274, '2-08', 2, 360, '2025-12-13 11:31:26', NULL, 'Occupied'),
(275, '5-02', 5, 361, '2026-02-16 04:34:38', '2026-02-16 13:05:46', 'Discharged'),
(276, '6-16', 6, 362, '2025-10-06 21:00:07', '2025-10-10 06:59:24', 'Discharged'),
(277, '6-09', 6, 366, '2026-03-17 10:19:32', '2026-03-26 13:39:16', 'Discharged'),
(278, '7-14', 7, 368, '2026-01-23 11:34:57', '2026-01-28 18:33:11', 'Discharged'),
(279, '6-10', 6, 369, '2025-08-17 03:23:44', NULL, 'Occupied'),
(280, '7-11', 7, 370, '2025-09-05 16:31:08', '2025-09-05 19:56:38', 'Discharged'),
(281, '2-05', 2, 371, '2026-05-18 00:50:33', '2026-05-24 04:42:23', 'Discharged'),
(282, '6-02', 6, 372, '2026-01-17 03:39:55', '2026-01-18 09:03:52', 'Discharged'),
(283, '5-11', 5, 373, '2025-09-30 20:39:16', '2025-09-30 23:10:41', 'Discharged'),
(284, '4-19', 4, 374, '2026-04-01 00:50:19', '2026-04-01 04:39:02', 'Discharged'),
(285, '4-20', 4, 375, '2025-12-26 20:04:45', '2025-12-27 07:35:46', 'Discharged'),
(286, '6-14', 6, 377, '2026-02-16 06:05:21', '2026-02-16 10:22:44', 'Discharged'),
(287, '7-01', 7, 378, '2025-12-31 08:55:54', '2026-01-02 00:49:00', 'Discharged'),
(288, '4-09', 4, 379, '2026-01-14 10:19:33', '2026-01-14 12:39:49', 'Discharged'),
(289, '6-07', 6, 380, '2025-10-09 01:48:29', '2025-10-10 18:06:04', 'Discharged'),
(290, '1-18', 1, 381, '2026-02-22 10:21:12', '2026-02-22 11:50:03', 'Discharged'),
(291, '1-16', 1, 383, '2025-07-25 00:22:42', '2025-07-27 15:59:02', 'Discharged'),
(292, '5-18', 5, 384, '2025-08-26 01:44:51', '2025-08-26 07:01:43', 'Discharged'),
(293, '6-16', 6, 385, '2026-04-26 15:02:51', '2026-05-01 16:00:53', 'Discharged'),
(294, '5-11', 5, 386, '2025-12-28 20:20:05', '2025-12-29 05:44:50', 'Discharged'),
(295, '7-08', 7, 387, '2026-03-07 03:48:21', '2026-03-10 15:15:06', 'Discharged'),
(296, '8-11', 8, 389, '2025-08-26 08:45:31', NULL, 'Occupied'),
(297, '5-15', 5, 392, '2025-08-03 19:22:27', '2025-08-08 00:43:45', 'Discharged'),
(298, '4-16', 4, 396, '2025-09-14 03:25:08', '2025-09-17 23:23:49', 'Discharged'),
(299, '4-17', 4, 398, '2026-01-01 07:30:41', '2026-01-04 20:27:15', 'Discharged'),
(300, '2-18', 2, 400, '2026-03-13 05:21:24', '2026-03-13 18:55:24', 'Discharged'),
(301, '8-03', 8, 404, '2026-01-09 15:54:24', '2026-01-16 16:07:26', 'Discharged'),
(302, '1-04', 1, 405, '2025-08-15 05:07:06', '2025-08-17 12:00:45', 'Discharged'),
(303, '1-14', 1, 406, '2026-03-23 16:45:22', '2026-03-26 04:14:48', 'Discharged'),
(304, '1-03', 1, 407, '2026-03-22 05:14:54', '2026-03-28 19:05:33', 'Discharged'),
(305, '2-13', 2, 408, '2025-07-01 05:34:16', '2025-07-01 07:49:49', 'Discharged'),
(306, '3-05', 3, 409, '2026-04-06 09:28:34', '2026-04-11 00:03:09', 'Discharged'),
(307, '4-01', 4, 410, '2026-03-03 10:33:35', '2026-03-05 03:17:00', 'Discharged'),
(308, '8-06', 8, 411, '2026-04-15 14:10:43', NULL, 'Occupied'),
(309, '6-17', 6, 412, '2026-02-25 16:41:16', '2026-03-02 23:25:07', 'Discharged'),
(310, '5-04', 5, 414, '2026-06-23 11:47:57', '2026-06-24 15:12:18', 'Discharged'),
(311, '6-06', 6, 416, '2025-09-28 11:41:34', '2025-09-28 14:25:28', 'Discharged'),
(312, '7-07', 7, 417, '2025-08-14 21:11:38', NULL, 'Occupied'),
(313, '7-15', 7, 418, '2025-12-22 06:44:48', '2025-12-22 17:12:51', 'Discharged'),
(314, '2-04', 2, 419, '2026-02-04 22:46:21', '2026-02-05 15:23:09', 'Discharged'),
(315, '2-02', 2, 421, '2025-11-12 23:47:00', NULL, 'Occupied'),
(316, '6-14', 6, 422, '2025-10-29 17:58:11', '2025-10-30 06:43:33', 'Discharged'),
(317, '8-16', 8, 423, '2025-11-16 01:31:11', '2025-11-21 02:24:38', 'Discharged'),
(318, '7-06', 7, 424, '2026-04-09 17:33:19', '2026-04-10 03:35:45', 'Discharged'),
(319, '6-17', 6, 425, '2025-07-30 08:40:17', '2025-08-02 14:03:27', 'Discharged'),
(320, '2-16', 2, 426, '2025-09-03 15:58:02', '2025-09-03 21:30:46', 'Discharged'),
(321, '5-05', 5, 427, '2026-03-11 12:59:47', '2026-03-15 12:39:26', 'Discharged'),
(322, '2-18', 2, 428, '2025-12-25 14:57:28', '2025-12-25 19:35:41', 'Discharged'),
(323, '3-14', 3, 429, '2025-10-29 16:01:48', '2025-10-29 18:30:54', 'Discharged'),
(324, '8-13', 8, 430, '2026-01-12 14:00:18', '2026-01-12 19:56:10', 'Discharged'),
(325, '5-01', 5, 431, '2025-07-15 12:24:48', '2025-07-24 20:07:35', 'Discharged'),
(326, '7-10', 7, 433, '2026-05-12 09:59:09', '2026-05-12 21:09:26', 'Discharged'),
(327, '1-04', 1, 434, '2025-07-05 16:58:57', NULL, 'Occupied'),
(328, '4-14', 4, 436, '2026-06-01 01:24:06', '2026-06-01 08:07:32', 'Discharged'),
(329, '2-10', 2, 439, '2025-12-08 18:35:51', '2025-12-18 04:54:13', 'Discharged'),
(330, '2-09', 2, 440, '2025-10-23 20:35:08', '2025-10-24 04:42:45', 'Discharged'),
(331, '3-17', 3, 445, '2026-06-22 20:16:39', '2026-06-25 09:03:56', 'Discharged'),
(332, '7-11', 7, 446, '2026-02-09 10:31:57', '2026-02-12 18:20:31', 'Discharged'),
(333, '8-20', 8, 447, '2025-12-12 15:58:06', '2025-12-14 18:21:53', 'Discharged'),
(334, '2-12', 2, 450, '2026-04-09 18:31:16', '2026-04-15 09:36:08', 'Discharged');
GO

-- Equipment: 40 rows
INSERT INTO dbo.Equipment (EquipmentID, EquipmentName, DepartmentID, PurchaseDate, Status) VALUES
(1, 'Autoclave Sterilizer #1', 3, '2015-03-05', 'In Service'),
(2, 'CT Scanner #2', 6, '2023-08-25', 'In Service'),
(3, 'Anesthesia Machine #3', 4, '2019-05-28', 'In Service'),
(4, 'ECG Machine #4', 8, '2012-03-21', 'In Service'),
(5, 'MRI Scanner #5', 8, '2013-07-03', 'In Service'),
(6, 'CT Scanner #6', 4, '2014-02-07', 'In Service'),
(7, 'Portable X-Ray Unit #7', 1, '2022-07-06', 'In Service'),
(8, 'Patient Monitor #8', 4, '2019-09-26', 'In Service'),
(9, 'CT Scanner #9', 5, '2018-05-17', 'In Service'),
(10, 'Infusion Pump #10', 6, '2021-01-16', 'In Service'),
(11, 'Dialysis Machine #11', 4, '2013-09-26', 'In Service'),
(12, 'ECG Machine #12', 4, '2018-04-12', 'In Service'),
(13, 'Portable X-Ray Unit #13', 3, '2023-09-18', 'In Service'),
(14, 'Defibrillator #14', 6, '2018-03-21', 'In Service'),
(15, 'Anesthesia Machine #15', 4, '2015-10-09', 'In Service'),
(16, 'CT Scanner #16', 2, '2015-04-15', 'In Service'),
(17, 'Ventilator #17', 6, '2013-09-29', 'In Service'),
(18, 'Anesthesia Machine #18', 7, '2022-07-31', 'In Service'),
(19, 'Portable X-Ray Unit #19', 4, '2020-10-26', 'In Service'),
(20, 'ECG Machine #20', 8, '2019-12-18', 'Under Maintenance'),
(21, 'Patient Monitor #21', 2, '2016-10-18', 'Out of Service'),
(22, 'Infusion Pump #22', 3, '2021-10-21', 'In Service'),
(23, 'ECG Machine #23', 5, '2014-09-12', 'Under Maintenance'),
(24, 'Dialysis Machine #24', 6, '2015-12-29', 'Under Maintenance'),
(25, 'Anesthesia Machine #25', 6, '2021-07-06', 'In Service'),
(26, 'CT Scanner #26', 7, '2020-05-23', 'Under Maintenance'),
(27, 'Ventilator #27', 4, '2021-11-30', 'In Service'),
(28, 'Ventilator #28', 5, '2019-05-14', 'Under Maintenance'),
(29, 'Infusion Pump #29', 1, '2018-02-14', 'In Service'),
(30, 'Dialysis Machine #30', 8, '2020-12-06', 'Out of Service'),
(31, 'ECG Machine #31', 5, '2018-02-24', 'In Service'),
(32, 'Autoclave Sterilizer #32', 1, '2022-07-23', 'In Service'),
(33, 'Anesthesia Machine #33', 3, '2022-08-14', 'In Service'),
(34, 'Portable X-Ray Unit #34', 1, '2020-04-15', 'In Service'),
(35, 'ECG Machine #35', 3, '2015-12-20', 'In Service'),
(36, 'Portable X-Ray Unit #36', 1, '2021-12-11', 'In Service'),
(37, 'Patient Monitor #37', 2, '2018-03-23', 'In Service'),
(38, 'ECG Machine #38', 1, '2019-06-18', 'Under Maintenance'),
(39, 'MRI Scanner #39', 6, '2023-07-31', 'Out of Service'),
(40, 'Defibrillator #40', 7, '2013-05-18', 'In Service');
GO

-- EquipmentMaintenanceLog: 120 rows
INSERT INTO dbo.EquipmentMaintenanceLog (LogID, EquipmentID, MaintenanceDate, DowntimeHours, IssueNotes, TechnicianStaffID) VALUES
(1, 33, '2025-09-14 09:42:28', 0.8, 'pt safety flag raised, pulled from service pending review', 28),
(2, 1, '2025-12-07 09:58:02', 6.4, 'cleaned/serviced per schedule', NULL),
(3, 6, '2025-08-29 03:17:50', 5.7, 'routine PM completed, no issues found', NULL),
(4, 1, '2025-10-20 23:13:36', 1.8, 'battery backup failing, replaced, monitor unit for 48h', 54),
(5, 9, '2025-12-06 01:56:30', 1.8, 'software update applied, rebooted 2x before it stuck', 28),
(6, 13, '2025-09-29 10:44:17', 1.4, 'nurse reported alarm not audible on night shift, checked speaker, ok now', 54),
(7, 29, '2026-05-20 06:12:24', 0.6, 'unit down again (3rd time this qtr) - recommend replacement not repair', 54),
(8, 23, '2026-05-27 10:30:39', 18.0, 'nurse reported alarm not audible on night shift, checked speaker, ok now', 16),
(9, 14, '2025-11-10 07:56:47', 4.6, 'cleaned/serviced per schedule', 28),
(10, 38, '2025-12-13 13:33:15', 2.5, 'recalibrated after alarm kept tripping, tech unclear if fixed', 31),
(11, 11, '2026-02-01 17:18:44', 31.2, 'nurse reported alarm not audible on night shift, checked speaker, ok now', 32),
(12, 12, '2025-07-12 15:59:01', 3.3, 'software update applied, rebooted 2x before it stuck', 28),
(13, 24, '2026-05-04 12:18:06', 26.9, 'coolant leak found, parts ETA 3-5 days, unit offline', 38),
(14, 27, '2026-02-04 09:48:25', 3.8, 'false alarms only, cleared, returned to service same day', 38),
(15, 34, '2025-10-10 20:40:47', 48.0, 'routine PM completed, no issues found', 31),
(16, 23, '2026-02-20 14:25:03', 4.0, 'routine PM completed, no issues found', 16),
(17, 16, '2025-10-13 15:53:39', 8.9, 'routine PM completed, no issues found', 32),
(18, 23, '2025-08-21 17:08:28', 2.4, 'false alarms only, cleared, returned to service same day', 32),
(19, 16, '2025-08-19 14:06:40', 19.3, 'false alarms only, cleared, returned to service same day', 54),
(20, 28, '2026-05-02 14:20:22', 72.2, 'cracked housing, taped for now pending replacement part', NULL),
(21, 12, '2025-10-29 13:26:22', 1.8, 'pt safety flag raised, pulled from service pending review', 16),
(22, 15, '2025-09-09 18:12:09', 1.2, 'routine PM completed, no issues found', 32),
(23, 19, '2025-12-07 14:05:00', 42.8, 'pt safety flag raised, pulled from service pending review', 32),
(24, 34, '2025-08-24 16:55:38', 10.9, 'routine PM completed, no issues found', 16),
(25, 21, '2025-09-04 20:55:24', 17.7, 'recalibrated after alarm kept tripping, tech unclear if fixed', 32),
(26, 20, '2026-02-03 09:25:01', 82.1, 'false alarms only, cleared, returned to service same day', 32),
(27, 22, '2026-03-31 13:17:03', 7.6, 'routine PM completed, no issues found', 16),
(28, 1, '2025-12-20 21:29:12', 14.3, 'software update applied, rebooted 2x before it stuck', 32),
(29, 3, '2025-09-01 17:49:35', 2.1, 'software update applied, rebooted 2x before it stuck', 54),
(30, 2, '2026-04-04 09:43:47', 1.1, 'coolant leak found, parts ETA 3-5 days, unit offline', 38),
(31, 23, '2025-07-19 19:20:34', 3.1, 'cleaned/serviced per schedule', 54),
(32, 28, '2025-11-18 12:34:30', 17.8, 'nurse reported alarm not audible on night shift, checked speaker, ok now', 54),
(33, 37, '2026-02-20 01:28:46', 34.6, 'unit down again (3rd time this qtr) - recommend replacement not repair', 16),
(34, 33, '2025-08-10 12:17:52', 3.7, 'false alarms only, cleared, returned to service same day', 31),
(35, 6, '2026-02-07 04:14:20', 15.4, 'false alarms only, cleared, returned to service same day', 28),
(36, 4, '2026-01-08 20:52:28', 19.2, 'nurse reported alarm not audible on night shift, checked speaker, ok now', 31),
(37, 3, '2026-05-06 14:30:54', 3.7, 'unit down again (3rd time this qtr) - recommend replacement not repair', NULL),
(38, 9, '2025-11-18 09:43:23', 2.1, 'sensor giving inconsistent readings, escalated to biomed engineer', 54),
(39, 15, '2025-08-02 22:15:35', 1.5, 'nurse reported alarm not audible on night shift, checked speaker, ok now', 31),
(40, 25, '2026-03-01 20:18:13', 0.5, 'cleaned/serviced per schedule', 54),
(41, 14, '2026-03-30 06:11:23', 9.1, 'cleaned/serviced per schedule', 54),
(42, 36, '2025-12-24 03:01:31', 1.2, 'cleaned/serviced per schedule', 54),
(43, 2, '2025-09-18 22:45:02', 2.5, 'nurse reported alarm not audible on night shift, checked speaker, ok now', 31),
(44, 32, '2025-10-29 13:39:49', 6.6, 'battery backup failing, replaced, monitor unit for 48h', NULL),
(45, 14, '2025-08-26 20:46:48', 79.2, 'unit down again (3rd time this qtr) - recommend replacement not repair', 38),
(46, 23, '2025-10-20 15:13:31', 9.6, 'pt safety flag raised, pulled from service pending review', 54),
(47, 21, '2026-03-15 19:30:05', 8.5, 'routine PM completed, no issues found', 32),
(48, 12, '2026-01-21 10:30:02', 20.6, 'unit down again (3rd time this qtr) - recommend replacement not repair', 16),
(49, 38, '2026-05-31 15:13:21', 12.2, 'nurse reported alarm not audible on night shift, checked speaker, ok now', 38),
(50, 6, '2026-05-03 20:46:27', 3.1, 'pt safety flag raised, pulled from service pending review', 32),
(51, 6, '2026-01-06 00:49:37', 3.1, 'cleaned/serviced per schedule', 28),
(52, 24, '2025-10-31 06:22:45', 2.2, 'recalibrated after alarm kept tripping, tech unclear if fixed', NULL),
(53, 14, '2026-04-22 16:47:27', 2.1, 'nurse reported alarm not audible on night shift, checked speaker, ok now', 32),
(54, 8, '2026-05-06 12:03:38', 22.2, 'false alarms only, cleared, returned to service same day', NULL),
(55, 3, '2026-06-15 14:47:40', 3.5, 'false alarms only, cleared, returned to service same day', 31),
(56, 35, '2025-08-31 22:05:57', 2.8, 'unit down again (3rd time this qtr) - recommend replacement not repair', 31),
(57, 3, '2026-01-03 14:32:34', 3.0, 'software update applied, rebooted 2x before it stuck', 28),
(58, 38, '2025-08-27 06:09:05', 1.8, 'coolant leak found, parts ETA 3-5 days, unit offline', 31),
(59, 22, '2026-05-25 02:41:48', 18.2, 'cleaned/serviced per schedule', 54),
(60, 22, '2026-02-16 09:23:26', 2.5, 'sensor giving inconsistent readings, escalated to biomed engineer', 28),
(61, 37, '2026-01-02 10:36:10', 1.6, 'software update applied, rebooted 2x before it stuck', 54),
(62, 10, '2026-06-21 04:40:49', 9.8, 'battery backup failing, replaced, monitor unit for 48h', NULL),
(63, 38, '2025-12-03 05:24:06', 9.2, 'cleaned/serviced per schedule', 32),
(64, 40, '2025-09-26 12:31:56', 2.8, 'pt safety flag raised, pulled from service pending review', 32),
(65, 11, '2026-03-26 17:33:03', 25.0, 'battery backup failing, replaced, monitor unit for 48h', 31),
(66, 15, '2025-09-15 10:07:59', 2.6, 'pt safety flag raised, pulled from service pending review', 38),
(67, 1, '2026-03-26 08:18:53', 11.3, 'coolant leak found, parts ETA 3-5 days, unit offline', 38),
(68, 18, '2026-04-10 19:28:11', 14.8, 'battery backup failing, replaced, monitor unit for 48h', 38),
(69, 16, '2025-11-09 06:39:04', 17.0, 'cracked housing, taped for now pending replacement part', 16),
(70, 18, '2026-04-09 10:06:09', 0.8, 'software update applied, rebooted 2x before it stuck', 38),
(71, 4, '2025-10-15 08:17:10', 1.4, 'sensor giving inconsistent readings, escalated to biomed engineer', 16),
(72, 5, '2025-10-09 17:24:51', 0.9, 'software update applied, rebooted 2x before it stuck', 32),
(73, 37, '2025-07-05 21:10:46', 2.0, 'pt safety flag raised, pulled from service pending review', 38),
(74, 40, '2026-02-19 00:01:04', 12.1, 'nurse reported alarm not audible on night shift, checked speaker, ok now', 32),
(75, 19, '2026-05-27 10:54:34', 14.6, 'cleaned/serviced per schedule', 54),
(76, 8, '2025-10-02 17:45:08', 0.5, 'pt safety flag raised, pulled from service pending review', 32),
(77, 20, '2025-08-18 16:08:10', 1.7, 'battery backup failing, replaced, monitor unit for 48h', 28),
(78, 20, '2026-03-14 11:07:07', 1.6, 'pt safety flag raised, pulled from service pending review', 38),
(79, 10, '2025-12-13 05:41:38', 1.2, 'nurse reported alarm not audible on night shift, checked speaker, ok now', 31),
(80, 31, '2026-05-31 21:40:17', 43.4, 'sensor giving inconsistent readings, escalated to biomed engineer', 31),
(81, 10, '2025-12-04 12:09:01', 3.0, 'recalibrated after alarm kept tripping, tech unclear if fixed', 32),
(82, 26, '2025-07-29 14:53:00', 20.1, 'false alarms only, cleared, returned to service same day', NULL),
(83, 13, '2025-10-15 09:19:05', 11.5, 'false alarms only, cleared, returned to service same day', 38),
(84, 13, '2025-10-19 22:29:04', 2.3, 'false alarms only, cleared, returned to service same day', 32),
(85, 38, '2026-02-26 01:40:29', 11.8, 'cracked housing, taped for now pending replacement part', 38),
(86, 25, '2025-07-31 03:41:35', 0.7, 'routine PM completed, no issues found', 32),
(87, 5, '2025-12-14 15:03:54', 3.4, 'battery backup failing, replaced, monitor unit for 48h', 32),
(88, 21, '2026-04-20 19:54:02', 3.2, 'coolant leak found, parts ETA 3-5 days, unit offline', NULL),
(89, 21, '2026-01-01 16:13:57', 3.1, 'pt safety flag raised, pulled from service pending review', 28),
(90, 17, '2025-11-08 21:58:37', 3.1, 'recalibrated after alarm kept tripping, tech unclear if fixed', 32),
(91, 34, '2025-07-31 18:39:03', 95.7, 'nurse reported alarm not audible on night shift, checked speaker, ok now', 31),
(92, 32, '2025-11-22 20:55:42', 1.7, 'nurse reported alarm not audible on night shift, checked speaker, ok now', 16),
(93, 11, '2026-03-20 03:11:38', 2.5, 'pt safety flag raised, pulled from service pending review', NULL),
(94, 28, '2025-11-19 16:57:22', 21.6, 'pt safety flag raised, pulled from service pending review', NULL),
(95, 37, '2025-12-21 16:31:52', 2.3, 'cracked housing, taped for now pending replacement part', NULL),
(96, 19, '2025-07-04 22:42:28', 3.4, 'cracked housing, taped for now pending replacement part', 28),
(97, 21, '2026-03-30 16:39:58', 83.1, 'cracked housing, taped for now pending replacement part', 54),
(98, 10, '2025-10-05 05:23:55', 7.6, 'nurse reported alarm not audible on night shift, checked speaker, ok now', 28),
(99, 23, '2025-08-05 11:55:20', 3.5, 'battery backup failing, replaced, monitor unit for 48h', 31),
(100, 14, '2025-12-29 00:59:37', 22.0, 'false alarms only, cleared, returned to service same day', 32),
(101, 14, '2026-01-11 01:47:30', 2.1, 'routine PM completed, no issues found', 16),
(102, 33, '2026-04-23 18:48:18', 0.9, 'sensor giving inconsistent readings, escalated to biomed engineer', 54),
(103, 27, '2025-10-06 07:39:28', 3.9, 'recalibrated after alarm kept tripping, tech unclear if fixed', 32),
(104, 1, '2026-01-11 15:17:32', 49.5, 'pt safety flag raised, pulled from service pending review', 32),
(105, 20, '2025-10-26 03:04:29', 2.8, 'pt safety flag raised, pulled from service pending review', 54),
(106, 21, '2025-07-24 05:07:26', 3.5, 'recalibrated after alarm kept tripping, tech unclear if fixed', 32),
(107, 4, '2026-05-02 07:38:22', 3.5, 'routine PM completed, no issues found', 28),
(108, 34, '2025-09-16 06:36:44', 1.8, 'pt safety flag raised, pulled from service pending review', 32),
(109, 24, '2025-11-13 22:38:35', 19.7, 'routine PM completed, no issues found', NULL),
(110, 27, '2025-07-24 19:38:30', 1.8, 'battery backup failing, replaced, monitor unit for 48h', NULL),
(111, 6, '2026-01-31 02:24:53', 13.5, 'cracked housing, taped for now pending replacement part', 28),
(112, 1, '2025-12-07 17:20:22', 22.1, 'pt safety flag raised, pulled from service pending review', 38),
(113, 7, '2026-03-02 17:56:32', 3.1, 'battery backup failing, replaced, monitor unit for 48h', 28),
(114, 6, '2025-08-18 14:42:11', 1.5, 'sensor giving inconsistent readings, escalated to biomed engineer', 31),
(115, 30, '2026-06-08 21:30:35', 15.5, 'sensor giving inconsistent readings, escalated to biomed engineer', 32),
(116, 10, '2026-04-23 01:14:45', 20.0, 'routine PM completed, no issues found', 16),
(117, 3, '2025-10-30 05:53:38', 4.2, 'unit down again (3rd time this qtr) - recommend replacement not repair', 38),
(118, 29, '2025-10-18 16:30:00', 2.7, 'sensor giving inconsistent readings, escalated to biomed engineer', 31),
(119, 12, '2025-11-08 12:24:53', 13.7, 'nurse reported alarm not audible on night shift, checked speaker, ok now', 31),
(120, 17, '2025-08-02 13:18:16', 2.0, 'coolant leak found, parts ETA 3-5 days, unit offline', 16);
GO

-- IncidentReports: 180 rows
INSERT INTO dbo.IncidentReports (IncidentID, EncounterID, DepartmentID, ReportedDate, IncidentType, Severity, NarrativeText) VALUES
(1, 152, 3, '2025-12-25 11:10:43', 'Wrong-Site Concern (near miss)', 'Low', 'family found pt on floor by bed, rails were down, no witnesses'),
(2, 259, 3, '2026-01-20 18:36:05', 'Communication Breakdown', 'Low', 'pt given wrong dose of insulin, caught by 2nd nurse before admin, near miss'),
(3, 382, 6, '2026-03-27 21:52:45', 'Wrong-Site Concern (near miss)', 'Moderate', 'post-op site not cleaned per protocol per peer observation'),
(4, NULL, 6, '2026-04-03 08:23:22', 'Wrong-Site Concern (near miss)', 'Moderate', 'iv pump alarm ignored for >20 min per family complaint, pt line occluded'),
(5, 52, 3, '2026-05-22 23:05:40', 'Communication Breakdown', 'High', 'vent alarm silenced by staff without resolving underlying issue - reported by charge nurse'),
(6, 313, 7, '2025-10-12 10:08:13', 'Documentation Error', 'Low', 'waited 4.5 hrs in ER waiting rm w chest pain c/o, dept was slammed'),
(7, 268, 7, '2026-03-01 17:02:22', 'Delayed Treatment', 'Low', 'pt given wrong dose of insulin, caught by 2nd nurse before admin, near miss'),
(8, NULL, 5, '2025-10-15 22:19:22', 'Patient Fall', 'Moderate', 'pt given wrong dose of insulin, caught by 2nd nurse before admin, near miss'),
(9, 72, 3, '2026-03-04 05:50:04', 'Communication Breakdown', 'Moderate', 'wrong pt wristband scanned, corrected before med given, near miss'),
(10, 331, 7, '2026-01-17 21:31:58', 'Staffing Shortage', 'Low', 'family found pt on floor by bed, rails were down, no witnesses'),
(11, 142, 3, '2026-01-22 04:29:43', 'Equipment Malfunction', 'Moderate', 'handoff btwn shifts missed allergy info, almost gave contraindicated med'),
(12, 345, 5, '2025-12-15 00:23:31', 'Wrong-Site Concern (near miss)', 'Moderate', 'waited 4.5 hrs in ER waiting rm w chest pain c/o, dept was slammed'),
(13, 396, 8, '2025-10-27 15:57:25', 'Patient Fall', 'Low', 'post-op site not cleaned per protocol per peer observation'),
(14, 233, 3, '2025-08-06 12:25:44', 'Medication Error', 'High', 'wrong pt wristband scanned, corrected before med given, near miss'),
(15, 131, 2, '2026-05-17 16:59:08', 'Equipment Malfunction', 'Low', 'vent alarm silenced by staff without resolving underlying issue - reported by charge nurse'),
(16, 407, 8, '2025-11-27 08:10:43', 'Patient Fall', 'Moderate', 'vent alarm silenced by staff without resolving underlying issue - reported by charge nurse'),
(17, 307, 6, '2025-11-01 18:00:19', 'Documentation Error', 'High', 'wrong pt wristband scanned, corrected before med given, near miss'),
(18, NULL, 2, '2025-11-21 10:02:38', 'Wrong-Site Concern (near miss)', 'High', 'only 1 nurse for 9 pts on nights, short staffed d/t 2 call-offs'),
(19, 429, 5, '2025-12-30 03:01:31', 'Hygiene/Infection Control', 'Low', 'handoff btwn shifts missed allergy info, almost gave contraindicated med'),
(20, 114, 7, '2026-06-06 09:40:32', 'Hygiene/Infection Control', 'Low', 'post-op site not cleaned per protocol per peer observation'),
(21, 290, 7, '2026-05-07 18:53:42', 'Documentation Error', 'High', 'pt given wrong dose of insulin, caught by 2nd nurse before admin, near miss'),
(22, 303, 2, '2026-04-21 03:27:20', 'Communication Breakdown', 'Low', 'only 1 nurse for 9 pts on nights, short staffed d/t 2 call-offs'),
(23, 364, 7, '2026-01-18 01:27:05', 'Hygiene/Infection Control', 'Low', 'pt c/o pain not addressed for 3 hrs, call light reportedly not answered'),
(24, 268, 1, '2026-01-21 22:52:08', 'Documentation Error', 'Moderate', 'discharge instructions given verbally only, no printed copy, pt readmitted 4d later'),
(25, 111, 3, '2025-07-13 22:57:23', 'Patient Fall', 'High', 'waited 4.5 hrs in ER waiting rm w chest pain c/o, dept was slammed'),
(26, 411, 1, '2026-02-19 09:13:48', 'Staffing Shortage', 'Low', 'only 1 nurse for 9 pts on nights, short staffed d/t 2 call-offs'),
(27, 128, 5, '2026-02-14 01:44:25', 'Delayed Treatment', 'Low', 'iv pump alarm ignored for >20 min per family complaint, pt line occluded'),
(28, 395, 6, '2026-01-22 12:41:23', 'Equipment Malfunction', 'Moderate', 'pt c/o pain not addressed for 3 hrs, call light reportedly not answered'),
(29, 171, 6, '2026-05-12 19:35:47', 'Communication Breakdown', 'Moderate', 'only 1 nurse for 9 pts on nights, short staffed d/t 2 call-offs'),
(30, 52, 2, '2026-05-24 14:47:03', 'Hygiene/Infection Control', 'Low', 'discharge instructions given verbally only, no printed copy, pt readmitted 4d later'),
(31, 196, 4, '2025-11-13 17:40:27', 'Hygiene/Infection Control', 'Low', 'only 1 nurse for 9 pts on nights, short staffed d/t 2 call-offs'),
(32, 87, 6, '2025-07-09 04:03:31', 'Delayed Treatment', 'Low', 'post-op site not cleaned per protocol per peer observation'),
(33, 287, 5, '2026-04-13 19:35:50', 'Patient Fall', 'Low', 'handoff btwn shifts missed allergy info, almost gave contraindicated med'),
(34, NULL, 7, '2025-11-12 05:18:25', 'Wrong-Site Concern (near miss)', 'Moderate', 'only 1 nurse for 9 pts on nights, short staffed d/t 2 call-offs'),
(35, 198, 2, '2025-11-28 22:20:02', 'Patient Fall', 'Moderate', 'only 1 nurse for 9 pts on nights, short staffed d/t 2 call-offs'),
(36, 227, 1, '2025-11-03 19:57:05', 'Delayed Treatment', 'Low', 'pt given wrong dose of insulin, caught by 2nd nurse before admin, near miss'),
(37, 427, 4, '2025-11-03 08:13:20', 'Communication Breakdown', 'Low', 'iv pump alarm ignored for >20 min per family complaint, pt line occluded'),
(38, NULL, 4, '2025-07-11 22:17:24', 'Hygiene/Infection Control', 'Low', 'wrong pt wristband scanned, corrected before med given, near miss'),
(39, 291, 4, '2026-01-28 06:46:26', 'Documentation Error', 'High', 'discharge instructions given verbally only, no printed copy, pt readmitted 4d later'),
(40, 199, 5, '2026-06-27 13:15:06', 'Delayed Treatment', 'Moderate', 'wrong pt wristband scanned, corrected before med given, near miss'),
(41, 121, 6, '2026-04-03 13:00:02', 'Equipment Malfunction', 'Low', 'only 1 nurse for 9 pts on nights, short staffed d/t 2 call-offs'),
(42, 360, 4, '2026-04-02 21:04:45', 'Wrong-Site Concern (near miss)', 'Low', 'vent alarm silenced by staff without resolving underlying issue - reported by charge nurse'),
(43, 161, 2, '2026-05-06 08:17:41', 'Wrong-Site Concern (near miss)', 'Moderate', 'handoff btwn shifts missed allergy info, almost gave contraindicated med'),
(44, 295, 1, '2026-02-21 22:31:48', 'Documentation Error', 'Low', 'family found pt on floor by bed, rails were down, no witnesses'),
(45, 88, 1, '2026-04-13 16:19:41', 'Medication Error', 'Moderate', 'only 1 nurse for 9 pts on nights, short staffed d/t 2 call-offs'),
(46, 362, 3, '2025-08-02 12:54:13', 'Delayed Treatment', 'Low', 'surgical site marking unclear, team paused per timeout - resolved'),
(47, 373, 1, '2026-07-01 21:45:46', 'Equipment Malfunction', 'Low', 'wrong pt wristband scanned, corrected before med given, near miss'),
(48, 232, 5, '2026-04-02 11:05:32', 'Wrong-Site Concern (near miss)', 'Low', 'wrong pt wristband scanned, corrected before med given, near miss'),
(49, NULL, 6, '2025-07-04 22:11:40', 'Staffing Shortage', 'Low', 'surgical site marking unclear, team paused per timeout - resolved'),
(50, NULL, 2, '2026-05-11 02:18:59', 'Equipment Malfunction', 'Moderate', 'vent alarm silenced by staff without resolving underlying issue - reported by charge nurse'),
(51, 308, 3, '2025-10-01 01:04:24', 'Hygiene/Infection Control', 'Moderate', 'vent alarm silenced by staff without resolving underlying issue - reported by charge nurse'),
(52, NULL, 2, '2025-08-18 14:41:34', 'Documentation Error', 'Moderate', 'wrong pt wristband scanned, corrected before med given, near miss'),
(53, 243, 3, '2025-12-23 06:39:44', 'Staffing Shortage', 'Low', 'iv pump alarm ignored for >20 min per family complaint, pt line occluded'),
(54, 130, 8, '2025-08-16 06:43:11', 'Communication Breakdown', 'Low', 'handoff btwn shifts missed allergy info, almost gave contraindicated med'),
(55, 332, 2, '2025-12-21 16:26:48', 'Wrong-Site Concern (near miss)', 'Moderate', 'waited 4.5 hrs in ER waiting rm w chest pain c/o, dept was slammed'),
(56, NULL, 1, '2026-04-12 02:09:12', 'Patient Fall', 'Moderate', 'iv pump alarm ignored for >20 min per family complaint, pt line occluded'),
(57, NULL, 1, '2025-07-03 11:54:02', 'Medication Error', 'Low', 'surgical site marking unclear, team paused per timeout - resolved'),
(58, 440, 2, '2025-09-27 06:51:44', 'Hygiene/Infection Control', 'Moderate', 'iv pump alarm ignored for >20 min per family complaint, pt line occluded'),
(59, 177, 2, '2026-06-15 05:37:53', 'Equipment Malfunction', 'Moderate', 'pt c/o pain not addressed for 3 hrs, call light reportedly not answered'),
(60, 396, 3, '2026-03-17 05:25:10', 'Hygiene/Infection Control', 'Moderate', 'pt given wrong dose of insulin, caught by 2nd nurse before admin, near miss'),
(61, 276, 2, '2025-12-07 10:36:38', 'Equipment Malfunction', 'Low', 'surgical site marking unclear, team paused per timeout - resolved'),
(62, 52, 8, '2025-10-07 21:58:22', 'Staffing Shortage', 'Low', 'pt c/o pain not addressed for 3 hrs, call light reportedly not answered'),
(63, 281, 7, '2026-02-15 04:14:14', 'Patient Fall', 'Moderate', 'only 1 nurse for 9 pts on nights, short staffed d/t 2 call-offs'),
(64, 73, 4, '2026-03-09 06:51:26', 'Medication Error', 'Moderate', 'only 1 nurse for 9 pts on nights, short staffed d/t 2 call-offs'),
(65, NULL, 8, '2026-06-03 21:31:21', 'Wrong-Site Concern (near miss)', 'Low', 'family found pt on floor by bed, rails were down, no witnesses'),
(66, 165, 7, '2026-04-06 23:25:05', 'Staffing Shortage', 'Low', 'iv pump alarm ignored for >20 min per family complaint, pt line occluded'),
(67, 102, 5, '2026-05-17 15:31:18', 'Documentation Error', 'Low', 'family found pt on floor by bed, rails were down, no witnesses'),
(68, 252, 2, '2025-12-12 20:26:04', 'Documentation Error', 'Low', 'waited 4.5 hrs in ER waiting rm w chest pain c/o, dept was slammed'),
(69, 403, 5, '2026-06-16 02:00:24', 'Medication Error', 'Moderate', 'handoff btwn shifts missed allergy info, almost gave contraindicated med'),
(70, 158, 3, '2026-05-25 11:25:11', 'Wrong-Site Concern (near miss)', 'Moderate', 'pt given wrong dose of insulin, caught by 2nd nurse before admin, near miss'),
(71, NULL, 5, '2026-01-14 06:51:12', 'Wrong-Site Concern (near miss)', 'Low', 'pt given wrong dose of insulin, caught by 2nd nurse before admin, near miss'),
(72, 351, 7, '2026-03-18 19:04:39', 'Wrong-Site Concern (near miss)', 'High', 'only 1 nurse for 9 pts on nights, short staffed d/t 2 call-offs'),
(73, 23, 4, '2025-08-20 16:38:50', 'Communication Breakdown', 'High', 'vent alarm silenced by staff without resolving underlying issue - reported by charge nurse'),
(74, 366, 4, '2026-03-11 07:31:37', 'Medication Error', 'Moderate', 'pt given wrong dose of insulin, caught by 2nd nurse before admin, near miss'),
(75, 106, 2, '2025-11-26 00:10:21', 'Staffing Shortage', 'High', 'iv pump alarm ignored for >20 min per family complaint, pt line occluded'),
(76, 424, 4, '2026-01-07 14:38:05', 'Equipment Malfunction', 'Low', 'surgical site marking unclear, team paused per timeout - resolved'),
(77, 343, 5, '2026-02-02 20:46:21', 'Delayed Treatment', 'Moderate', 'handoff btwn shifts missed allergy info, almost gave contraindicated med'),
(78, 335, 5, '2026-01-26 00:22:20', 'Documentation Error', 'Low', 'wrong pt wristband scanned, corrected before med given, near miss'),
(79, 98, 8, '2025-11-07 21:51:00', 'Documentation Error', 'Low', 'pt given wrong dose of insulin, caught by 2nd nurse before admin, near miss'),
(80, 230, 3, '2026-06-05 08:07:05', 'Patient Fall', 'Low', 'family found pt on floor by bed, rails were down, no witnesses'),
(81, 406, 8, '2025-08-04 06:40:33', 'Equipment Malfunction', 'Moderate', 'vent alarm silenced by staff without resolving underlying issue - reported by charge nurse'),
(82, 349, 7, '2025-11-23 19:31:28', 'Delayed Treatment', 'Low', 'family found pt on floor by bed, rails were down, no witnesses'),
(83, 203, 4, '2025-08-14 20:11:52', 'Communication Breakdown', 'High', 'iv pump alarm ignored for >20 min per family complaint, pt line occluded'),
(84, 19, 8, '2026-03-03 03:58:51', 'Medication Error', 'Low', 'wrong pt wristband scanned, corrected before med given, near miss'),
(85, 391, 2, '2025-11-01 15:52:20', 'Hygiene/Infection Control', 'Moderate', 'vent alarm silenced by staff without resolving underlying issue - reported by charge nurse'),
(86, NULL, 1, '2026-06-05 18:20:10', 'Communication Breakdown', 'Moderate', 'handoff btwn shifts missed allergy info, almost gave contraindicated med'),
(87, 23, 1, '2025-09-17 12:25:41', 'Delayed Treatment', 'High', 'iv pump alarm ignored for >20 min per family complaint, pt line occluded'),
(88, 103, 1, '2026-01-17 13:50:11', 'Delayed Treatment', 'Low', 'post-op site not cleaned per protocol per peer observation'),
(89, NULL, 3, '2026-05-18 07:04:32', 'Hygiene/Infection Control', 'Low', 'pt given wrong dose of insulin, caught by 2nd nurse before admin, near miss'),
(90, 36, 4, '2026-05-05 19:14:38', 'Equipment Malfunction', 'Low', 'iv pump alarm ignored for >20 min per family complaint, pt line occluded'),
(91, 163, 1, '2025-08-27 02:22:16', 'Wrong-Site Concern (near miss)', 'Low', 'pt given wrong dose of insulin, caught by 2nd nurse before admin, near miss'),
(92, 87, 6, '2026-01-06 01:23:57', 'Patient Fall', 'Low', 'discharge instructions given verbally only, no printed copy, pt readmitted 4d later'),
(93, 196, 1, '2026-04-15 02:07:36', 'Patient Fall', 'Moderate', 'handoff btwn shifts missed allergy info, almost gave contraindicated med'),
(94, 19, 2, '2025-07-11 23:37:27', 'Hygiene/Infection Control', 'High', 'surgical site marking unclear, team paused per timeout - resolved'),
(95, 145, 7, '2026-02-16 08:39:11', 'Delayed Treatment', 'Moderate', 'only 1 nurse for 9 pts on nights, short staffed d/t 2 call-offs'),
(96, 326, 8, '2026-03-03 05:34:32', 'Staffing Shortage', 'Low', 'handoff btwn shifts missed allergy info, almost gave contraindicated med'),
(97, NULL, 3, '2026-01-15 09:21:53', 'Staffing Shortage', 'High', 'vent alarm silenced by staff without resolving underlying issue - reported by charge nurse'),
(98, NULL, 5, '2025-09-12 01:32:57', 'Wrong-Site Concern (near miss)', 'Low', 'handoff btwn shifts missed allergy info, almost gave contraindicated med'),
(99, 65, 6, '2025-10-15 14:46:28', 'Documentation Error', 'Low', 'pt c/o pain not addressed for 3 hrs, call light reportedly not answered'),
(100, 228, 7, '2026-02-23 13:14:12', 'Documentation Error', 'Low', 'iv pump alarm ignored for >20 min per family complaint, pt line occluded'),
(101, 106, 4, '2025-10-20 06:57:10', 'Staffing Shortage', 'Moderate', 'pt c/o pain not addressed for 3 hrs, call light reportedly not answered'),
(102, 392, 7, '2026-01-08 23:26:50', 'Documentation Error', 'Low', 'iv pump alarm ignored for >20 min per family complaint, pt line occluded'),
(103, 278, 8, '2025-12-01 22:42:15', 'Communication Breakdown', 'Low', 'handoff btwn shifts missed allergy info, almost gave contraindicated med'),
(104, 81, 7, '2026-03-22 15:43:14', 'Hygiene/Infection Control', 'Low', 'pt given wrong dose of insulin, caught by 2nd nurse before admin, near miss'),
(105, 198, 3, '2025-11-17 20:30:41', 'Documentation Error', 'Moderate', 'surgical site marking unclear, team paused per timeout - resolved'),
(106, 102, 3, '2026-01-27 11:31:23', 'Equipment Malfunction', 'Low', 'pt c/o pain not addressed for 3 hrs, call light reportedly not answered'),
(107, 391, 1, '2026-06-12 03:32:02', 'Patient Fall', 'Moderate', 'pt given wrong dose of insulin, caught by 2nd nurse before admin, near miss'),
(108, NULL, 1, '2025-12-17 03:16:29', 'Staffing Shortage', 'Low', 'handoff btwn shifts missed allergy info, almost gave contraindicated med'),
(109, 110, 5, '2025-08-03 13:12:51', 'Staffing Shortage', 'Moderate', 'surgical site marking unclear, team paused per timeout - resolved'),
(110, 229, 8, '2025-12-21 06:22:46', 'Patient Fall', 'Low', 'post-op site not cleaned per protocol per peer observation'),
(111, 78, 3, '2026-01-29 04:18:44', 'Documentation Error', 'Moderate', 'iv pump alarm ignored for >20 min per family complaint, pt line occluded'),
(112, 322, 8, '2026-06-24 10:14:21', 'Communication Breakdown', 'Moderate', 'family found pt on floor by bed, rails were down, no witnesses'),
(113, 76, 8, '2025-08-19 01:26:01', 'Documentation Error', 'Low', 'pt c/o pain not addressed for 3 hrs, call light reportedly not answered'),
(114, 88, 1, '2026-04-27 13:11:38', 'Equipment Malfunction', 'High', 'pt c/o pain not addressed for 3 hrs, call light reportedly not answered'),
(115, 252, 6, '2025-12-21 03:05:42', 'Patient Fall', 'High', 'iv pump alarm ignored for >20 min per family complaint, pt line occluded'),
(116, NULL, 5, '2026-06-12 14:19:52', 'Patient Fall', 'High', 'discharge instructions given verbally only, no printed copy, pt readmitted 4d later'),
(117, 325, 6, '2025-11-27 03:01:28', 'Hygiene/Infection Control', 'Low', 'pt given wrong dose of insulin, caught by 2nd nurse before admin, near miss'),
(118, 303, 7, '2025-09-25 13:17:49', 'Communication Breakdown', 'High', 'post-op site not cleaned per protocol per peer observation'),
(119, 267, 1, '2026-03-08 11:35:55', 'Medication Error', 'High', 'discharge instructions given verbally only, no printed copy, pt readmitted 4d later'),
(120, 157, 5, '2026-02-15 15:45:47', 'Delayed Treatment', 'Low', 'vent alarm silenced by staff without resolving underlying issue - reported by charge nurse'),
(121, 337, 8, '2026-06-03 02:55:17', 'Medication Error', 'Low', 'iv pump alarm ignored for >20 min per family complaint, pt line occluded'),
(122, 320, 1, '2026-04-20 00:41:58', 'Communication Breakdown', 'Low', 'pt c/o pain not addressed for 3 hrs, call light reportedly not answered'),
(123, 19, 5, '2026-06-22 13:39:30', 'Wrong-Site Concern (near miss)', 'Low', 'wrong pt wristband scanned, corrected before med given, near miss'),
(124, 176, 3, '2025-12-25 09:31:26', 'Hygiene/Infection Control', 'Moderate', 'waited 4.5 hrs in ER waiting rm w chest pain c/o, dept was slammed'),
(125, 231, 2, '2026-06-07 11:36:01', 'Patient Fall', 'High', 'pt given wrong dose of insulin, caught by 2nd nurse before admin, near miss'),
(126, 413, 2, '2025-11-02 02:42:33', 'Patient Fall', 'Low', 'iv pump alarm ignored for >20 min per family complaint, pt line occluded'),
(127, 122, 2, '2025-08-08 00:21:04', 'Staffing Shortage', 'Moderate', 'surgical site marking unclear, team paused per timeout - resolved'),
(128, NULL, 8, '2026-05-20 12:02:51', 'Patient Fall', 'Moderate', 'surgical site marking unclear, team paused per timeout - resolved'),
(129, NULL, 3, '2025-10-11 02:57:17', 'Patient Fall', 'Low', 'pt given wrong dose of insulin, caught by 2nd nurse before admin, near miss'),
(130, 352, 4, '2025-10-16 01:49:13', 'Documentation Error', 'Moderate', 'only 1 nurse for 9 pts on nights, short staffed d/t 2 call-offs'),
(131, 99, 8, '2025-10-10 18:02:00', 'Equipment Malfunction', 'Moderate', 'pt c/o pain not addressed for 3 hrs, call light reportedly not answered'),
(132, 347, 1, '2026-02-12 06:43:58', 'Patient Fall', 'Moderate', 'iv pump alarm ignored for >20 min per family complaint, pt line occluded'),
(133, 135, 3, '2026-04-04 20:57:03', 'Patient Fall', 'Sentinel Event', 'vent alarm silenced by staff without resolving underlying issue - reported by charge nurse'),
(134, 97, 3, '2025-12-12 08:17:27', 'Delayed Treatment', 'Low', 'surgical site marking unclear, team paused per timeout - resolved'),
(135, 328, 5, '2025-10-20 15:31:45', 'Staffing Shortage', 'Low', 'vent alarm silenced by staff without resolving underlying issue - reported by charge nurse'),
(136, 4, 5, '2025-11-22 05:52:17', 'Patient Fall', 'Low', 'pt c/o pain not addressed for 3 hrs, call light reportedly not answered'),
(137, 376, 1, '2026-05-14 15:39:33', 'Hygiene/Infection Control', 'Low', 'pt given wrong dose of insulin, caught by 2nd nurse before admin, near miss'),
(138, 346, 2, '2025-12-11 21:24:48', 'Staffing Shortage', 'Moderate', 'vent alarm silenced by staff without resolving underlying issue - reported by charge nurse'),
(139, 348, 2, '2026-04-18 09:33:18', 'Staffing Shortage', 'Moderate', 'pt c/o pain not addressed for 3 hrs, call light reportedly not answered'),
(140, 416, 8, '2026-01-06 18:11:36', 'Hygiene/Infection Control', 'Low', 'only 1 nurse for 9 pts on nights, short staffed d/t 2 call-offs'),
(141, 382, 4, '2025-10-25 21:22:49', 'Staffing Shortage', 'Low', 'wrong pt wristband scanned, corrected before med given, near miss'),
(142, 237, 6, '2026-01-23 16:52:48', 'Hygiene/Infection Control', 'High', 'pt c/o pain not addressed for 3 hrs, call light reportedly not answered'),
(143, 378, 7, '2026-01-31 00:53:28', 'Staffing Shortage', 'High', 'wrong pt wristband scanned, corrected before med given, near miss'),
(144, 324, 3, '2026-01-21 13:18:54', 'Equipment Malfunction', 'Low', 'iv pump alarm ignored for >20 min per family complaint, pt line occluded'),
(145, 95, 4, '2025-08-18 00:35:48', 'Equipment Malfunction', 'Low', 'waited 4.5 hrs in ER waiting rm w chest pain c/o, dept was slammed'),
(146, 12, 8, '2026-01-17 05:45:50', 'Wrong-Site Concern (near miss)', 'Low', 'waited 4.5 hrs in ER waiting rm w chest pain c/o, dept was slammed'),
(147, 250, 8, '2026-02-07 15:50:30', 'Equipment Malfunction', 'High', 'pt c/o pain not addressed for 3 hrs, call light reportedly not answered'),
(148, 31, 6, '2025-08-24 02:26:09', 'Hygiene/Infection Control', 'High', 'surgical site marking unclear, team paused per timeout - resolved'),
(149, 121, 8, '2025-10-19 15:09:31', 'Delayed Treatment', 'Low', 'discharge instructions given verbally only, no printed copy, pt readmitted 4d later'),
(150, 323, 5, '2026-06-16 22:31:05', 'Patient Fall', 'Low', 'surgical site marking unclear, team paused per timeout - resolved'),
(151, NULL, 5, '2025-12-22 13:35:36', 'Equipment Malfunction', 'Moderate', 'only 1 nurse for 9 pts on nights, short staffed d/t 2 call-offs'),
(152, 243, 2, '2025-07-10 16:16:39', 'Communication Breakdown', 'Low', 'handoff btwn shifts missed allergy info, almost gave contraindicated med'),
(153, 353, 4, '2025-12-08 23:04:42', 'Hygiene/Infection Control', 'High', 'waited 4.5 hrs in ER waiting rm w chest pain c/o, dept was slammed'),
(154, 296, 6, '2026-06-23 07:04:37', 'Staffing Shortage', 'High', 'discharge instructions given verbally only, no printed copy, pt readmitted 4d later'),
(155, 118, 4, '2025-11-05 17:47:20', 'Medication Error', 'Moderate', 'only 1 nurse for 9 pts on nights, short staffed d/t 2 call-offs'),
(156, 49, 7, '2025-09-14 22:42:17', 'Wrong-Site Concern (near miss)', 'Low', 'pt c/o pain not addressed for 3 hrs, call light reportedly not answered'),
(157, 373, 5, '2025-08-04 16:21:54', 'Communication Breakdown', 'Low', 'waited 4.5 hrs in ER waiting rm w chest pain c/o, dept was slammed'),
(158, 187, 1, '2026-02-28 08:58:40', 'Medication Error', 'Low', 'only 1 nurse for 9 pts on nights, short staffed d/t 2 call-offs'),
(159, 318, 8, '2026-04-14 05:19:12', 'Staffing Shortage', 'Moderate', 'pt c/o pain not addressed for 3 hrs, call light reportedly not answered'),
(160, 310, 4, '2026-05-27 06:51:07', 'Patient Fall', 'High', 'waited 4.5 hrs in ER waiting rm w chest pain c/o, dept was slammed'),
(161, 377, 4, '2026-03-26 18:21:17', 'Documentation Error', 'Low', 'wrong pt wristband scanned, corrected before med given, near miss'),
(162, 437, 1, '2025-11-30 09:30:08', 'Delayed Treatment', 'Low', 'pt given wrong dose of insulin, caught by 2nd nurse before admin, near miss'),
(163, NULL, 7, '2025-08-10 13:25:17', 'Equipment Malfunction', 'Low', 'pt c/o pain not addressed for 3 hrs, call light reportedly not answered'),
(164, 285, 3, '2026-05-01 16:10:14', 'Patient Fall', 'Moderate', 'waited 4.5 hrs in ER waiting rm w chest pain c/o, dept was slammed'),
(165, 102, 8, '2025-11-23 05:55:51', 'Staffing Shortage', 'Moderate', 'pt given wrong dose of insulin, caught by 2nd nurse before admin, near miss'),
(166, NULL, 6, '2026-04-09 17:22:14', 'Staffing Shortage', 'Low', 'vent alarm silenced by staff without resolving underlying issue - reported by charge nurse'),
(167, 14, 7, '2026-05-27 11:47:32', 'Staffing Shortage', 'Low', 'surgical site marking unclear, team paused per timeout - resolved'),
(168, 18, 5, '2025-12-13 20:35:36', 'Medication Error', 'Moderate', 'post-op site not cleaned per protocol per peer observation'),
(169, NULL, 3, '2026-03-12 02:19:32', 'Equipment Malfunction', 'High', 'iv pump alarm ignored for >20 min per family complaint, pt line occluded'),
(170, NULL, 3, '2026-07-01 08:33:23', 'Staffing Shortage', 'Low', 'only 1 nurse for 9 pts on nights, short staffed d/t 2 call-offs'),
(171, 212, 6, '2025-08-05 17:55:47', 'Medication Error', 'Low', 'post-op site not cleaned per protocol per peer observation'),
(172, 405, 7, '2026-06-21 05:38:34', 'Patient Fall', 'Moderate', 'handoff btwn shifts missed allergy info, almost gave contraindicated med'),
(173, 60, 5, '2025-10-25 08:42:40', 'Wrong-Site Concern (near miss)', 'Low', 'pt given wrong dose of insulin, caught by 2nd nurse before admin, near miss'),
(174, NULL, 4, '2026-03-03 01:32:36', 'Communication Breakdown', 'Low', 'iv pump alarm ignored for >20 min per family complaint, pt line occluded'),
(175, 71, 6, '2025-12-13 14:06:33', 'Documentation Error', 'Moderate', 'pt given wrong dose of insulin, caught by 2nd nurse before admin, near miss'),
(176, 149, 8, '2025-07-13 15:06:26', 'Medication Error', 'Moderate', 'handoff btwn shifts missed allergy info, almost gave contraindicated med'),
(177, 107, 4, '2026-04-25 17:53:37', 'Patient Fall', 'Low', 'surgical site marking unclear, team paused per timeout - resolved'),
(178, 261, 3, '2026-01-20 07:44:49', 'Medication Error', 'Low', 'discharge instructions given verbally only, no printed copy, pt readmitted 4d later'),
(179, 145, 5, '2026-04-11 13:37:40', 'Equipment Malfunction', 'Moderate', 'handoff btwn shifts missed allergy info, almost gave contraindicated med'),
(180, 132, 6, '2025-10-09 11:54:28', 'Documentation Error', 'High', 'family found pt on floor by bed, rails were down, no witnesses');
GO

-- PatientSatisfactionSurveys: 300 rows
INSERT INTO dbo.PatientSatisfactionSurveys (SurveyID, EncounterID, OverallScore, WaitTimeScore, CommunicationScore, Comments, SurveyDate) VALUES
(1, 346, 1, 2, 2, NULL, '2025-12-18 23:17:22'),
(2, 152, 5, 5, 5, 'great experience overall, thank you', '2025-12-15 14:25:52'),
(3, 241, 4, 5, 3, 'great experience overall, thank you', '2025-09-04 08:43:26'),
(4, 15, 4, 3, 4, 'nurses were amazing, felt cared for the whole time', '2025-08-18 15:23:14'),
(5, 238, 4, 4, 4, NULL, '2026-01-29 05:42:29'),
(6, 320, 1, 1, 2, 'nobody explained what was happening for hours', '2025-07-24 20:39:21'),
(7, 450, 4, 3, 4, NULL, '2026-04-16 09:36:08'),
(8, 357, 5, 5, 4, NULL, '2026-03-05 08:00:09'),
(9, 273, 4, 5, 3, 'check in was quick, staff friendly', '2026-01-21 20:01:31'),
(10, 413, 2, 3, 2, 'nurse call button took forever to be answered!!', '2026-02-26 07:45:54'),
(11, 217, 5, 4, 5, NULL, '2025-12-07 02:48:22'),
(12, 107, 4, 4, 3, 'dr explained everything clearly, would recommend', '2025-07-17 16:43:47'),
(13, 96, 4, 3, 5, 'dr explained everything clearly, would recommend', '2025-11-17 13:44:24'),
(14, 59, 1, 1, 1, 'room wasnt clean when i got there', '2026-04-19 10:26:54'),
(15, 23, 5, 5, 5, 'nurses were amazing, felt cared for the whole time', '2025-11-24 10:54:26'),
(16, 208, 2, 2, 1, 'nurse call button took forever to be answered!!', '2025-08-09 22:16:10'),
(17, 432, 4, 5, 3, NULL, '2025-09-28 19:22:28'),
(18, 56, 4, 3, 5, 'great experience overall, thank you', '2026-03-25 06:41:36'),
(19, 398, 3, 4, 2, 'waited way too long in the ER, almost left', '2026-01-06 20:27:15'),
(20, 108, 3, 3, 4, 'nurse call button took forever to be answered!!', '2026-06-03 06:26:32'),
(21, 105, 5, 5, 4, 'nurses were amazing, felt cared for the whole time', '2025-08-31 19:55:14'),
(22, 406, 2, 2, 2, 'nurse call button took forever to be answered!!', '2026-04-04 04:14:48'),
(23, 302, 4, 4, 5, 'nurses were amazing, felt cared for the whole time', '2026-06-08 06:31:29'),
(24, 393, 4, 3, 3, 'dr explained everything clearly, would recommend', '2026-05-27 12:00:11'),
(25, 400, 2, 2, 3, 'waited way too long in the ER, almost left', '2026-03-19 18:55:24'),
(26, 159, 1, 1, 1, 'billing was confusing, no one could explain the charges', '2026-01-30 06:26:52'),
(27, 368, 4, 3, 4, 'dr explained everything clearly, would recommend', '2026-02-03 18:33:11'),
(28, 359, 5, 5, 5, 'dr explained everything clearly, would recommend', '2026-01-01 07:16:18'),
(29, 112, 4, 4, 3, 'dr explained everything clearly, would recommend', '2025-09-11 11:06:18'),
(30, 315, 4, 3, 4, 'dr explained everything clearly, would recommend', '2025-10-13 09:22:01'),
(31, 163, 2, 1, 3, 'billing was confusing, no one could explain the charges', '2025-07-31 04:52:55'),
(32, 193, 4, 4, 5, 'check in was quick, staff friendly', '2026-01-26 20:34:11'),
(33, 247, 5, 5, 4, 'great experience overall, thank you', '2026-06-14 19:27:13'),
(34, 29, 5, 5, 4, 'dr explained everything clearly, would recommend', '2025-09-13 11:14:54'),
(35, 344, 4, 4, 4, 'great experience overall, thank you', '2025-12-04 05:28:06'),
(36, 333, 5, 5, 5, 'dr explained everything clearly, would recommend', '2025-09-16 22:14:36'),
(37, 121, 4, 5, 3, 'great experience overall, thank you', '2025-08-07 07:22:10'),
(38, 301, 1, 1, 1, 'discharge process took 3+ hrs after doctor said i could go', '2025-12-08 19:07:21'),
(39, 133, 5, 4, 5, 'check in was quick, staff friendly', '2026-05-03 15:55:00'),
(40, 114, 3, 3, 3, NULL, '2025-10-09 04:00:40'),
(41, 272, 4, 4, 5, NULL, '2026-03-17 05:31:36'),
(42, 13, 4, 4, 5, 'check in was quick, staff friendly', '2025-10-21 16:06:23'),
(43, 167, 5, 5, 4, 'check in was quick, staff friendly', '2026-05-29 15:00:40'),
(44, 7, 5, 5, 5, 'check in was quick, staff friendly', '2025-10-20 09:42:10'),
(45, 113, 5, 5, 5, 'check in was quick, staff friendly', '2026-01-12 13:51:16'),
(46, 94, 5, 5, 5, 'check in was quick, staff friendly', '2026-04-17 01:25:20'),
(47, 179, 4, 4, 4, 'check in was quick, staff friendly', '2026-03-02 11:58:57'),
(48, 430, 5, 5, 5, 'dr explained everything clearly, would recommend', '2026-01-20 19:56:10'),
(49, 266, 4, 4, 3, 'check in was quick, staff friendly', '2026-06-19 06:13:53'),
(50, 384, 3, 3, 3, 'discharge process took 3+ hrs after doctor said i could go', '2025-09-03 07:01:43'),
(51, 435, 4, 5, 5, 'check in was quick, staff friendly', '2026-05-20 00:47:25'),
(52, 397, 4, 4, 4, 'check in was quick, staff friendly', '2026-04-03 01:42:33'),
(53, 176, 1, 1, 2, NULL, '2025-11-17 00:30:02'),
(54, 244, 5, 4, 4, 'dr explained everything clearly, would recommend', '2025-10-23 14:43:55'),
(55, 210, 5, 5, 5, NULL, '2026-05-15 19:38:30'),
(56, 445, 4, 4, 3, 'great experience overall, thank you', '2026-07-03 09:03:56'),
(57, 86, 4, 5, 5, 'great experience overall, thank you', '2026-04-24 00:51:17'),
(58, 261, 2, 2, 1, 'room wasnt clean when i got there', '2026-02-22 02:15:24'),
(59, 255, 1, 1, 1, 'waited way too long in the ER, almost left', '2025-09-22 03:43:36'),
(60, 298, 4, 4, 3, 'great experience overall, thank you', '2026-05-04 16:43:44'),
(61, 317, 1, 1, 1, 'waited way too long in the ER, almost left', '2026-01-27 19:29:41'),
(62, 449, 5, 5, 5, 'great experience overall, thank you', '2025-09-27 05:44:50'),
(63, 355, 3, 3, 3, NULL, '2025-09-22 10:01:27'),
(64, 131, 2, 2, 2, 'nobody explained what was happening for hours', '2026-02-22 19:42:16'),
(65, 41, 3, 2, 3, 'waited way too long in the ER, almost left', '2026-02-26 09:55:23'),
(66, 327, 5, 5, 5, 'nurses were amazing, felt cared for the whole time', '2025-12-05 09:45:12'),
(67, 433, 3, 4, 3, 'nobody explained what was happening for hours', '2026-05-20 21:09:26'),
(68, 1, 4, 4, 4, 'check in was quick, staff friendly', '2025-09-30 18:18:44'),
(69, 16, 1, 1, 2, 'billing was confusing, no one could explain the charges', '2025-10-20 15:46:53'),
(70, 330, 5, 5, 5, 'dr explained everything clearly, would recommend', '2026-05-20 01:22:39'),
(71, 27, 5, 5, 5, 'great experience overall, thank you', '2025-07-15 21:16:14'),
(72, 6, 5, 5, 5, 'nurses were amazing, felt cared for the whole time', '2026-06-20 18:40:05'),
(73, 145, 5, 5, 5, 'great experience overall, thank you', '2025-09-09 21:51:42'),
(74, 377, 3, 2, 4, 'billing was confusing, no one could explain the charges', '2026-02-26 10:22:44'),
(75, 418, 4, 5, 4, 'check in was quick, staff friendly', '2025-12-25 17:12:51'),
(76, 237, 5, 5, 5, 'great experience overall, thank you', '2025-09-26 05:31:26'),
(77, 205, 3, 3, 4, 'room wasnt clean when i got there', '2026-03-24 05:21:13'),
(78, 409, 5, 5, 5, NULL, '2026-04-19 00:03:09'),
(79, 83, 5, 5, 4, 'great experience overall, thank you', '2026-01-28 23:47:30'),
(80, 51, 4, 4, 4, 'great experience overall, thank you', '2026-06-04 11:33:27'),
(81, 414, 4, 5, 5, 'nurses were amazing, felt cared for the whole time', '2026-07-01 15:12:18'),
(82, 197, 3, 3, 3, 'room wasnt clean when i got there', '2026-03-25 21:17:44'),
(83, 402, 4, 4, 4, NULL, '2025-09-21 07:50:21'),
(84, 343, 4, 4, 3, 'great experience overall, thank you', '2025-08-18 14:30:52'),
(85, 99, 1, 1, 1, 'discharge process took 3+ hrs after doctor said i could go', '2025-11-19 07:40:51'),
(86, 226, 2, 1, 2, 'waited way too long in the ER, almost left', '2026-04-19 09:57:25'),
(87, 199, 5, 5, 5, 'check in was quick, staff friendly', '2026-01-14 00:11:22'),
(88, 40, 5, 5, 5, 'dr explained everything clearly, would recommend', '2026-06-13 09:29:17'),
(89, 148, 3, 2, 3, NULL, '2026-06-10 14:57:27'),
(90, 223, 4, 4, 4, NULL, '2026-02-13 19:44:28'),
(91, 347, 5, 5, 5, 'nurses were amazing, felt cared for the whole time', '2025-09-27 01:13:15'),
(92, 12, 4, 3, 3, 'nurses were amazing, felt cared for the whole time', '2025-10-05 03:23:20'),
(93, 424, 5, 5, 4, 'great experience overall, thank you', '2026-04-19 03:35:45'),
(94, 18, 5, 5, 5, NULL, '2026-06-08 20:10:55'),
(95, 63, 3, 2, 3, NULL, '2025-07-22 08:24:07'),
(96, 161, 5, 4, 4, 'great experience overall, thank you', '2026-05-30 06:58:16'),
(97, 74, 2, 3, 2, NULL, '2026-04-11 15:15:10'),
(98, 139, 3, 3, 3, 'nurse call button took forever to be answered!!', '2025-07-23 14:37:38'),
(99, 243, 4, 3, 4, 'dr explained everything clearly, would recommend', '2026-06-08 20:02:04'),
(100, 439, 5, 4, 5, 'dr explained everything clearly, would recommend', '2025-12-19 04:54:13'),
(101, 352, 3, 4, 4, 'billing was confusing, no one could explain the charges', '2025-09-21 22:25:43'),
(102, 338, 5, 5, 5, NULL, '2026-02-01 16:00:42'),
(103, 376, 5, 5, 5, NULL, '2025-09-30 10:19:27'),
(104, 253, 2, 3, 2, NULL, '2026-02-18 23:05:30'),
(105, 91, 3, 3, 3, 'waited way too long in the ER, almost left', '2026-06-15 16:24:45'),
(106, 8, 5, 5, 5, 'check in was quick, staff friendly', '2026-05-20 16:45:43'),
(107, 437, 1, 2, 1, NULL, '2025-08-26 04:26:35'),
(108, 46, 3, 3, 4, NULL, '2025-10-06 02:58:49'),
(109, 124, 5, 5, 5, 'great experience overall, thank you', '2026-06-06 02:56:16'),
(110, 422, 2, 2, 3, 'room wasnt clean when i got there', '2025-11-07 06:43:33'),
(111, 307, 4, 5, 4, 'dr explained everything clearly, would recommend', '2025-11-23 21:44:57'),
(112, 296, 2, 1, 2, 'nobody explained what was happening for hours', '2026-03-24 02:36:01'),
(113, 144, 3, 2, 3, 'nurse call button took forever to be answered!!', '2025-10-26 12:57:18'),
(114, 143, 5, 5, 4, NULL, '2026-04-14 05:31:33'),
(115, 351, 4, 5, 3, 'great experience overall, thank you', '2025-12-31 07:06:03'),
(116, 299, 4, 4, 4, NULL, '2025-08-06 19:33:51'),
(117, 386, 1, 1, 1, 'discharge process took 3+ hrs after doctor said i could go', '2026-01-07 05:44:50'),
(118, 34, 3, 2, 3, 'discharge process took 3+ hrs after doctor said i could go', '2025-12-12 05:06:00'),
(119, 80, 4, 5, 5, 'check in was quick, staff friendly', '2025-12-19 17:09:58'),
(120, 361, 4, 4, 4, 'check in was quick, staff friendly', '2026-02-17 13:05:46'),
(121, 35, 5, 4, 5, 'great experience overall, thank you', '2026-06-18 21:33:35'),
(122, 213, 5, 4, 4, 'dr explained everything clearly, would recommend', '2026-02-02 03:36:41'),
(123, 202, 3, 4, 3, 'nobody explained what was happening for hours', '2026-02-17 01:14:12'),
(124, 339, 5, 5, 4, NULL, '2026-03-18 19:25:56'),
(125, 21, 3, 3, 2, 'waited way too long in the ER, almost left', '2026-04-20 21:34:57'),
(126, 265, 1, 1, 1, 'nurse call button took forever to be answered!!', '2026-06-09 00:52:27'),
(127, 231, 3, 3, 4, 'billing was confusing, no one could explain the charges', '2026-05-03 16:23:50'),
(128, 248, 3, 3, 2, 'waited way too long in the ER, almost left', '2026-01-26 18:52:14'),
(129, 221, 5, 5, 5, 'nurses were amazing, felt cared for the whole time', '2025-09-26 01:35:04'),
(130, 337, 4, 4, 5, 'nurses were amazing, felt cared for the whole time', '2026-06-14 16:48:31'),
(131, 403, 5, 5, 5, 'great experience overall, thank you', '2025-10-02 21:47:47'),
(132, 306, 4, 4, 4, NULL, '2026-03-31 20:52:23'),
(133, 24, 5, 5, 5, 'dr explained everything clearly, would recommend', '2025-09-14 10:06:06'),
(134, 323, 4, 4, 4, NULL, '2026-06-10 23:21:23'),
(135, 354, 4, 5, 3, NULL, '2026-05-20 23:53:00'),
(136, 149, 5, 5, 4, 'dr explained everything clearly, would recommend', '2026-03-22 10:48:12'),
(137, 324, 3, 3, 3, 'nurse call button took forever to be answered!!', '2026-04-10 12:24:09'),
(138, 106, 5, 5, 5, 'great experience overall, thank you', '2025-08-02 23:54:32'),
(139, 141, 4, 4, 3, 'dr explained everything clearly, would recommend', '2026-03-01 09:15:04'),
(140, 405, 4, 3, 4, 'nurses were amazing, felt cared for the whole time', '2025-08-24 12:00:45'),
(141, 329, 4, 5, 4, 'great experience overall, thank you', '2026-05-22 07:36:25'),
(142, 98, 5, 5, 5, 'nurses were amazing, felt cared for the whole time', '2025-10-28 07:46:28'),
(143, 412, 3, 4, 4, 'billing was confusing, no one could explain the charges', '2026-03-06 23:25:07'),
(144, 239, 4, 4, 4, 'dr explained everything clearly, would recommend', '2026-06-03 02:05:57'),
(145, 371, 5, 5, 5, NULL, '2026-05-30 04:42:23'),
(146, 331, 4, 3, 3, 'nurses were amazing, felt cared for the whole time', '2025-08-22 17:42:37'),
(147, 232, 5, 4, 5, NULL, '2026-06-19 07:59:24'),
(148, 260, 4, 3, 4, 'nurses were amazing, felt cared for the whole time', '2025-07-13 03:47:21'),
(149, 122, 4, 3, 4, 'check in was quick, staff friendly', '2025-08-20 19:00:03'),
(150, 26, 5, 5, 4, 'nurses were amazing, felt cared for the whole time', '2026-05-29 01:50:28'),
(151, 383, 5, 5, 4, 'nurses were amazing, felt cared for the whole time', '2025-08-06 15:59:02'),
(152, 195, 2, 1, 1, NULL, '2025-09-12 01:06:17'),
(153, 47, 5, 5, 5, 'nurses were amazing, felt cared for the whole time', '2026-06-03 15:07:14'),
(154, 362, 4, 3, 4, 'dr explained everything clearly, would recommend', '2025-10-12 06:59:24'),
(155, 332, 4, 4, 4, NULL, '2025-09-14 12:00:34'),
(156, 251, 4, 4, 4, 'nurses were amazing, felt cared for the whole time', '2026-01-03 16:09:58'),
(157, 85, 5, 5, 5, 'great experience overall, thank you', '2026-04-18 16:10:03'),
(158, 200, 5, 5, 5, 'great experience overall, thank you', '2025-11-10 19:21:12'),
(159, 356, 5, 5, 5, 'check in was quick, staff friendly', '2025-10-05 14:55:53'),
(160, 76, 3, 3, 3, 'waited way too long in the ER, almost left', '2025-08-24 16:20:01'),
(161, 173, 1, 1, 1, 'waited way too long in the ER, almost left', '2025-09-09 10:38:53'),
(162, 186, 2, 1, 2, NULL, '2026-04-04 07:57:24'),
(163, 218, 5, 5, 5, 'great experience overall, thank you', '2025-11-22 04:03:30'),
(164, 310, 2, 2, 2, 'nurse call button took forever to be answered!!', '2026-03-25 17:39:30'),
(165, 215, 4, 5, 4, 'check in was quick, staff friendly', '2026-06-30 19:21:25'),
(166, 281, 1, 1, 2, 'nobody explained what was happening for hours', '2025-08-09 04:41:15'),
(167, 249, 4, 5, 4, 'great experience overall, thank you', '2025-12-27 01:37:25'),
(168, 278, 5, 5, 5, NULL, '2025-10-19 12:29:22'),
(169, 156, 1, 1, 1, 'nurse call button took forever to be answered!!', '2025-12-12 16:01:23'),
(170, 77, 4, 4, 4, 'nurses were amazing, felt cared for the whole time', '2025-12-17 19:38:09'),
(171, 263, 3, 4, 3, 'nobody explained what was happening for hours', '2025-09-29 08:49:08'),
(172, 277, 4, 3, 4, 'check in was quick, staff friendly', '2026-02-19 00:10:19'),
(173, 416, 4, 3, 3, 'great experience overall, thank you', '2025-10-07 14:25:28'),
(174, 313, 3, 3, 3, 'discharge process took 3+ hrs after doctor said i could go', '2025-07-14 00:50:02'),
(175, 294, 3, 4, 3, 'nurse call button took forever to be answered!!', '2025-12-21 14:23:15'),
(176, 444, 4, 4, 5, 'nurses were amazing, felt cared for the whole time', '2026-04-15 19:58:47'),
(177, 66, 3, 4, 2, 'nurse call button took forever to be answered!!', '2025-10-23 03:44:30'),
(178, 236, 5, 5, 5, NULL, '2026-06-07 03:12:21'),
(179, 37, 4, 4, 3, 'dr explained everything clearly, would recommend', '2026-05-12 02:44:42'),
(180, 87, 3, 3, 2, 'billing was confusing, no one could explain the charges', '2026-05-25 08:59:44'),
(181, 246, 1, 2, 1, 'nurse call button took forever to be answered!!', '2026-05-28 06:04:59'),
(182, 93, 4, 3, 4, NULL, '2026-05-20 16:56:40'),
(183, 174, 5, 4, 5, NULL, '2025-10-03 19:13:21'),
(184, 123, 4, 4, 4, 'nurses were amazing, felt cared for the whole time', '2026-06-20 18:43:41'),
(185, 119, 5, 5, 5, 'dr explained everything clearly, would recommend', '2025-08-07 19:51:04'),
(186, 201, 5, 4, 5, 'nurses were amazing, felt cared for the whole time', '2026-02-04 20:00:58'),
(187, 379, 4, 5, 3, 'nurses were amazing, felt cared for the whole time', '2026-01-17 12:39:49'),
(188, 230, 5, 5, 5, 'check in was quick, staff friendly', '2025-07-22 17:51:56'),
(189, 183, 4, 5, 4, 'dr explained everything clearly, would recommend', '2025-08-04 04:28:41'),
(190, 44, 2, 2, 2, 'billing was confusing, no one could explain the charges', '2025-08-01 19:24:33'),
(191, 423, 4, 3, 4, 'nurses were amazing, felt cared for the whole time', '2025-11-22 02:24:38'),
(192, 11, 5, 4, 5, 'dr explained everything clearly, would recommend', '2026-02-18 11:31:38'),
(193, 89, 5, 5, 4, NULL, '2026-03-15 04:53:24'),
(194, 408, 4, 3, 5, NULL, '2025-07-06 07:49:49'),
(195, 284, 5, 5, 4, 'check in was quick, staff friendly', '2025-07-06 21:39:48'),
(196, 169, 4, 4, 4, 'nurses were amazing, felt cared for the whole time', '2026-03-27 06:58:26'),
(197, 39, 5, 4, 4, 'dr explained everything clearly, would recommend', '2026-03-19 01:16:53'),
(198, 160, 3, 3, 4, NULL, '2026-03-31 10:15:41'),
(199, 258, 1, 2, 2, 'waited way too long in the ER, almost left', '2026-03-25 15:33:56'),
(200, 252, 5, 5, 5, 'dr explained everything clearly, would recommend', '2026-05-30 13:04:00');
INSERT INTO dbo.PatientSatisfactionSurveys (SurveyID, EncounterID, OverallScore, WaitTimeScore, CommunicationScore, Comments, SurveyDate) VALUES
(201, 170, 4, 5, 3, 'dr explained everything clearly, would recommend', '2025-10-23 01:57:36'),
(202, 222, 4, 5, 5, 'check in was quick, staff friendly', '2026-07-04 18:08:28'),
(203, 274, 3, 2, 2, 'nurse call button took forever to be answered!!', '2026-01-31 02:05:14'),
(204, 42, 1, 1, 1, 'discharge process took 3+ hrs after doctor said i could go', '2026-03-23 08:31:17'),
(205, 227, 4, 5, 3, 'check in was quick, staff friendly', '2026-06-29 07:53:02'),
(206, 214, 2, 1, 1, 'billing was confusing, no one could explain the charges', '2026-05-21 20:13:04'),
(207, 289, 4, 4, 3, NULL, '2025-11-27 11:53:26'),
(208, 292, 5, 5, 5, 'check in was quick, staff friendly', '2026-03-28 19:22:13'),
(209, 268, 5, 5, 4, 'nurses were amazing, felt cared for the whole time', '2026-06-03 21:24:42'),
(210, 212, 5, 5, 5, 'great experience overall, thank you', '2026-05-13 16:48:22'),
(211, 54, 3, 4, 2, 'billing was confusing, no one could explain the charges', '2026-06-24 01:05:24'),
(212, 311, 1, 1, 1, 'nurse call button took forever to be answered!!', '2026-06-16 15:36:39'),
(213, 428, 1, 1, 1, 'nobody explained what was happening for hours', '2025-12-27 19:35:41'),
(214, 104, 5, 4, 5, 'nurses were amazing, felt cared for the whole time', '2025-09-14 06:44:03'),
(215, 22, 5, 5, 5, 'nurses were amazing, felt cared for the whole time', '2025-10-10 16:32:25'),
(216, 220, 4, 3, 4, 'nurses were amazing, felt cared for the whole time', '2026-02-28 23:36:25'),
(217, 110, 3, 2, 3, 'billing was confusing, no one could explain the charges', '2025-09-08 02:13:31'),
(218, 30, 2, 3, 1, 'room wasnt clean when i got there', '2026-04-05 13:41:06'),
(219, 132, 2, 2, 2, 'discharge process took 3+ hrs after doctor said i could go', '2025-08-19 02:12:45'),
(220, 325, 2, 1, 1, 'waited way too long in the ER, almost left', '2026-02-17 15:50:48'),
(221, 415, 1, 1, 2, 'billing was confusing, no one could explain the charges', '2025-10-29 11:13:37'),
(222, 138, 3, 3, 2, 'room wasnt clean when i got there', '2025-10-23 16:57:47'),
(223, 28, 3, 2, 2, 'nurse call button took forever to be answered!!', '2026-05-31 07:23:00'),
(224, 153, 5, 5, 5, NULL, '2026-05-03 23:48:56'),
(225, 2, 5, 4, 5, NULL, '2026-01-05 10:50:23'),
(226, 67, 4, 4, 3, 'great experience overall, thank you', '2025-09-01 21:08:32'),
(227, 372, 4, 5, 4, NULL, '2026-01-23 09:03:52'),
(228, 425, 3, 4, 4, 'billing was confusing, no one could explain the charges', '2025-08-07 14:03:27'),
(229, 442, 3, 2, 4, 'room wasnt clean when i got there', '2026-04-23 20:10:35'),
(230, 198, 4, 3, 5, NULL, '2026-02-15 06:18:51'),
(231, 60, 5, 5, 5, NULL, '2026-05-19 10:30:10'),
(232, 184, 5, 5, 5, 'nurses were amazing, felt cared for the whole time', '2025-09-11 11:02:27'),
(233, 190, 5, 4, 4, 'great experience overall, thank you', '2026-06-22 15:55:50'),
(234, 259, 5, 5, 4, NULL, '2025-07-07 14:22:35'),
(235, 129, 5, 4, 4, 'great experience overall, thank you', '2025-10-11 06:35:15'),
(236, 31, 3, 4, 3, 'nobody explained what was happening for hours', '2026-06-06 05:30:16'),
(237, 283, 5, 5, 5, 'great experience overall, thank you', '2026-02-28 17:26:03'),
(238, 196, 5, 5, 5, 'dr explained everything clearly, would recommend', '2025-09-10 15:38:16'),
(239, 97, 4, 4, 4, 'great experience overall, thank you', '2026-01-21 03:34:15'),
(240, 229, 5, 5, 4, 'check in was quick, staff friendly', '2026-04-20 10:53:15'),
(241, 225, 4, 4, 3, 'nurses were amazing, felt cared for the whole time', '2025-10-30 11:44:22'),
(242, 440, 4, 4, 5, 'nurses were amazing, felt cared for the whole time', '2025-10-29 04:42:45'),
(243, 177, 2, 2, 2, 'nurse call button took forever to be answered!!', '2025-08-26 06:39:17'),
(244, 103, 4, 3, 5, 'check in was quick, staff friendly', '2025-12-26 08:18:44'),
(245, 58, 4, 5, 4, 'check in was quick, staff friendly', '2025-11-14 23:09:12'),
(246, 275, 5, 5, 5, 'great experience overall, thank you', '2025-11-16 06:04:40'),
(247, 276, 4, 4, 3, 'dr explained everything clearly, would recommend', '2026-05-14 20:15:50'),
(248, 342, 4, 4, 3, 'check in was quick, staff friendly', '2025-09-12 09:07:43'),
(249, 185, 4, 3, 4, NULL, '2026-03-08 06:50:40'),
(250, 363, 5, 4, 4, NULL, '2026-04-06 16:58:17'),
(251, 335, 3, 3, 3, NULL, '2025-09-16 02:22:24'),
(252, 172, 5, 5, 5, NULL, '2026-02-23 08:51:56'),
(253, 279, 2, 1, 2, NULL, '2025-10-07 04:58:55'),
(254, 120, 4, 4, 3, 'great experience overall, thank you', '2025-11-04 23:20:16'),
(255, 380, 3, 3, 4, 'room wasnt clean when i got there', '2025-10-15 18:06:04'),
(256, 50, 4, 5, 4, 'nurses were amazing, felt cared for the whole time', '2026-02-13 06:58:07'),
(257, 295, 4, 4, 4, 'check in was quick, staff friendly', '2026-01-04 09:07:09'),
(258, 245, 5, 5, 5, 'dr explained everything clearly, would recommend', '2025-11-05 00:14:33'),
(259, 188, 3, 3, 4, 'billing was confusing, no one could explain the charges', '2025-10-04 05:48:08'),
(260, 130, 5, 4, 5, 'dr explained everything clearly, would recommend', '2026-02-11 10:27:28'),
(261, 38, 5, 5, 5, 'great experience overall, thank you', '2026-03-03 01:30:50'),
(262, 19, 5, 4, 4, NULL, '2026-01-02 20:02:53'),
(263, 322, 5, 5, 5, 'dr explained everything clearly, would recommend', '2025-11-28 12:48:09'),
(264, 341, 2, 2, 1, 'billing was confusing, no one could explain the charges', '2025-08-07 23:50:29'),
(265, 427, 2, 2, 3, 'nobody explained what was happening for hours', '2026-03-17 12:39:26'),
(266, 79, 3, 3, 2, 'waited way too long in the ER, almost left', '2026-04-24 22:08:09'),
(267, 55, 5, 5, 4, 'great experience overall, thank you', '2026-01-24 02:17:30'),
(268, 375, 4, 3, 5, 'dr explained everything clearly, would recommend', '2026-01-03 07:35:46'),
(269, 290, 5, 4, 4, NULL, '2026-01-31 01:55:46'),
(270, 182, 3, 3, 2, 'nurse call button took forever to be answered!!', '2026-07-07 10:31:34'),
(271, 309, 5, 5, 5, 'nurses were amazing, felt cared for the whole time', '2025-08-11 10:29:08'),
(272, 5, 5, 4, 5, 'dr explained everything clearly, would recommend', '2026-01-16 09:11:10'),
(273, 336, 5, 5, 4, 'dr explained everything clearly, would recommend', '2025-11-26 18:41:44'),
(274, 270, 5, 5, 5, 'check in was quick, staff friendly', '2025-08-12 03:08:48'),
(275, 32, 1, 2, 1, 'billing was confusing, no one could explain the charges', '2025-10-11 11:48:53'),
(276, 171, 1, 1, 1, 'discharge process took 3+ hrs after doctor said i could go', '2025-09-14 00:34:29'),
(277, 49, 5, 5, 5, 'nurses were amazing, felt cared for the whole time', '2026-04-14 16:18:30'),
(278, 426, 4, 3, 4, 'check in was quick, staff friendly', '2025-09-04 21:30:46'),
(279, 348, 4, 5, 3, 'nurses were amazing, felt cared for the whole time', '2025-07-29 01:12:01'),
(280, 262, 3, 3, 4, 'waited way too long in the ER, almost left', '2026-01-15 07:41:05'),
(281, 254, 3, 3, 3, 'discharge process took 3+ hrs after doctor said i could go', '2026-01-25 14:08:09'),
(282, 269, 5, 5, 5, 'dr explained everything clearly, would recommend', '2025-12-30 09:05:57'),
(283, 111, 4, 4, 5, 'great experience overall, thank you', '2025-08-26 13:07:16'),
(284, 257, 4, 5, 4, 'check in was quick, staff friendly', '2025-11-05 10:32:40'),
(285, 189, 4, 3, 4, 'great experience overall, thank you', '2026-05-11 17:23:17'),
(286, 3, 4, 5, 3, NULL, '2025-12-27 12:47:20'),
(287, 78, 5, 5, 4, 'dr explained everything clearly, would recommend', '2026-04-21 03:23:36'),
(288, 240, 5, 4, 5, 'great experience overall, thank you', '2025-10-09 19:20:17'),
(289, 102, 5, 5, 4, NULL, '2026-05-23 19:27:23'),
(290, 387, 4, 4, 4, 'dr explained everything clearly, would recommend', '2026-03-11 15:15:06'),
(291, 448, 4, 3, 4, NULL, '2026-01-22 17:17:48'),
(292, 443, 2, 1, 2, 'room wasnt clean when i got there', '2025-12-28 12:44:34'),
(293, 420, 4, 4, 3, 'great experience overall, thank you', '2025-11-14 20:02:21'),
(294, 126, 5, 5, 5, 'dr explained everything clearly, would recommend', '2025-12-13 00:18:58'),
(295, 392, 4, 5, 3, 'great experience overall, thank you', '2025-08-17 00:43:45'),
(296, 203, 2, 2, 3, 'nobody explained what was happening for hours', '2025-12-29 01:35:42'),
(297, 9, 5, 5, 4, 'nurses were amazing, felt cared for the whole time', '2026-04-06 22:01:39'),
(298, 381, 5, 4, 4, 'nurses were amazing, felt cared for the whole time', '2026-02-28 11:50:03'),
(299, 365, 2, 1, 1, 'discharge process took 3+ hrs after doctor said i could go', '2026-02-05 09:17:22'),
(300, 191, 4, 3, 5, NULL, '2026-05-24 16:33:31');
GO

-- SupplyInventory: 66 rows
INSERT INTO dbo.SupplyInventory (SupplyID, ItemName, DepartmentID, UnitOfMeasure, ReorderThreshold, CurrentStock) VALUES
(1, 'N95 Respirator Masks', 1, 'Box of 20', 39, 45),
(2, 'N95 Respirator Masks', 6, 'Box of 20', 60, 97),
(3, 'Nitrile Exam Gloves', 2, 'Box of 100', 30, 69),
(4, 'Nitrile Exam Gloves', 7, 'Box of 100', 38, 76),
(5, 'Nitrile Exam Gloves', 5, 'Box of 100', 93, 276),
(6, 'Nitrile Exam Gloves', 3, 'Box of 100', 81, 73),
(7, 'Nitrile Exam Gloves', 6, 'Box of 100', 82, 133),
(8, 'Nitrile Exam Gloves', 8, 'Box of 100', 29, 19),
(9, 'Nitrile Exam Gloves', 1, 'Box of 100', 42, 105),
(10, 'IV Catheters 18G', 5, 'Each', 84, 111),
(11, 'IV Catheters 18G', 8, 'Each', 79, 6),
(12, 'IV Catheters 18G', 7, 'Each', 25, 6),
(13, 'IV Catheters 18G', 1, 'Each', 20, 42),
(14, 'IV Catheters 18G', 3, 'Each', 53, 62),
(15, 'IV Catheters 18G', 2, 'Each', 68, 88),
(16, 'IV Catheters 18G', 4, 'Each', 63, 22),
(17, 'IV Catheters 18G', 6, 'Each', 66, 185),
(18, 'Saline Flush 10mL', 5, 'Each', 35, 30),
(19, 'Saline Flush 10mL', 8, 'Each', 72, 38),
(20, 'Saline Flush 10mL', 2, 'Each', 54, 130),
(21, 'Saline Flush 10mL', 4, 'Each', 49, 82),
(22, 'Saline Flush 10mL', 7, 'Each', 67, 169),
(23, 'Saline Flush 10mL', 3, 'Each', 26, 46),
(24, 'Surgical Gauze 4x4', 3, 'Pack of 200', 25, 70),
(25, 'Surgical Gauze 4x4', 7, 'Pack of 200', 25, 60),
(26, 'Surgical Gauze 4x4', 5, 'Pack of 200', 26, 52),
(27, 'Surgical Gauze 4x4', 4, 'Pack of 200', 46, 61),
(28, 'Sutures 4-0', 8, 'Each', 36, 8),
(29, 'Sutures 4-0', 5, 'Each', 27, 34),
(30, 'Sutures 4-0', 3, 'Each', 26, 15),
(31, 'Sutures 4-0', 1, 'Each', 70, 64),
(32, 'Sutures 4-0', 2, 'Each', 87, 63),
(33, 'Blood Collection Tubes', 1, 'Box of 100', 80, 127),
(34, 'Blood Collection Tubes', 3, 'Box of 100', 51, 132),
(35, 'Blood Collection Tubes', 6, 'Box of 100', 44, 96),
(36, 'Blood Collection Tubes', 7, 'Box of 100', 44, 16),
(37, 'Blood Collection Tubes', 2, 'Box of 100', 71, 68),
(38, 'Blood Collection Tubes', 5, 'Box of 100', 51, 39),
(39, 'Alcohol Prep Pads', 2, 'Box of 200', 86, 157),
(40, 'Alcohol Prep Pads', 8, 'Box of 200', 72, 76),
(41, 'Alcohol Prep Pads', 6, 'Box of 200', 40, 2),
(42, 'Alcohol Prep Pads', 4, 'Box of 200', 51, 107),
(43, 'Alcohol Prep Pads', 3, 'Box of 200', 36, 47),
(44, 'Alcohol Prep Pads', 5, 'Box of 200', 87, 220),
(45, 'Alcohol Prep Pads', 1, 'Box of 200', 47, 26),
(46, 'Insulin Syringes', 5, 'Box of 100', 69, 74),
(47, 'Insulin Syringes', 1, 'Box of 100', 100, 199),
(48, 'Insulin Syringes', 4, 'Box of 100', 40, 45),
(49, 'Insulin Syringes', 7, 'Box of 100', 67, 193),
(50, 'Oxygen Nasal Cannula', 1, 'Each', 67, 87),
(51, 'Oxygen Nasal Cannula', 2, 'Each', 89, 95),
(52, 'Oxygen Nasal Cannula', 4, 'Each', 57, 49),
(53, 'Oxygen Nasal Cannula', 7, 'Each', 22, 10),
(54, 'Wound Dressing Kit', 7, 'Each', 85, 11),
(55, 'Wound Dressing Kit', 3, 'Each', 48, 27),
(56, 'Wound Dressing Kit', 4, 'Each', 67, 61),
(57, 'Wound Dressing Kit', 8, 'Each', 91, 256),
(58, 'Wound Dressing Kit', 5, 'Each', 86, 91),
(59, 'Ventilator Circuit Kit', 5, 'Each', 24, 37),
(60, 'Ventilator Circuit Kit', 3, 'Each', 27, 37),
(61, 'Ventilator Circuit Kit', 6, 'Each', 50, 52),
(62, 'Ventilator Circuit Kit', 2, 'Each', 47, 53),
(63, 'Ventilator Circuit Kit', 4, 'Each', 65, 49),
(64, 'Ventilator Circuit Kit', 7, 'Each', 87, 131),
(65, 'Ventilator Circuit Kit', 1, 'Each', 95, 161),
(66, 'Ventilator Circuit Kit', 8, 'Each', 35, 50);
GO

-- SupplyTransactions: 400 rows
INSERT INTO dbo.SupplyTransactions (TransactionID, SupplyID, TransactionDate, TransactionType, Quantity, StaffID) VALUES
(1, 29, '2026-06-30 21:50:24', 'Restock', 256, 7),
(2, 59, '2025-10-10 08:46:40', 'Consumption', 4, 39),
(3, 12, '2026-01-24 23:26:54', 'Consumption', 7, 9),
(4, 42, '2025-07-18 02:47:51', 'Restock', 60, 55),
(5, 11, '2025-12-15 14:10:31', 'Restock', 206, 32),
(6, 13, '2026-04-09 19:05:43', 'Consumption', 17, 50),
(7, 2, '2025-07-16 21:20:20', 'Consumption', 6, 2),
(8, 14, '2026-05-02 19:04:24', 'Consumption', 14, 9),
(9, 2, '2026-06-25 18:06:28', 'Consumption', 13, 41),
(10, 34, '2026-01-29 00:06:42', 'Consumption', 20, 47),
(11, 28, '2025-07-30 02:46:34', 'Consumption', 20, 9),
(12, 40, '2026-04-21 10:26:36', 'Consumption', 4, 41),
(13, 14, '2026-03-02 12:29:11', 'Consumption', 8, 34),
(14, 4, '2025-09-19 07:50:57', 'Consumption', 14, 53),
(15, 65, '2025-12-20 15:13:43', 'Consumption', 8, 22),
(16, 10, '2025-11-28 04:44:06', 'Consumption', 2, 55),
(17, 53, '2025-07-11 12:17:15', 'Restock', 60, 41),
(18, 31, '2025-07-24 18:54:30', 'Consumption', 13, 51),
(19, 13, '2025-07-10 01:32:05', 'Consumption', 5, 55),
(20, 25, '2026-01-01 14:13:15', 'Restock', 64, 14),
(21, 51, '2025-07-14 14:03:51', 'Restock', 72, 49),
(22, 20, '2025-10-17 03:38:20', 'Consumption', 3, 48),
(23, 23, '2025-07-27 15:38:53', 'Restock', 115, 23),
(24, 66, '2026-05-17 17:40:05', 'Consumption', 14, 32),
(25, 55, '2025-10-16 19:05:46', 'Restock', 214, 40),
(26, 34, '2026-04-10 00:10:49', 'Consumption', 2, 20),
(27, 58, '2026-06-07 20:02:07', 'Restock', 137, 31),
(28, 18, '2026-05-11 04:31:10', 'Consumption', 7, 24),
(29, 7, '2025-07-10 22:03:07', 'Consumption', 12, 45),
(30, 7, '2025-11-26 10:24:15', 'Consumption', 19, 5),
(31, 24, '2026-04-25 06:01:45', 'Restock', 232, 17),
(32, 52, '2026-02-01 22:44:12', 'Restock', 230, 41),
(33, 49, '2026-05-25 22:00:54', 'Restock', 218, 36),
(34, 59, '2026-01-04 21:05:27', 'Consumption', 17, 35),
(35, 50, '2026-04-16 03:44:53', 'Consumption', 19, 22),
(36, 38, '2026-05-13 07:04:47', 'Consumption', 17, 37),
(37, 23, '2025-10-23 10:43:11', 'Restock', 77, 50),
(38, 19, '2025-07-29 14:50:53', 'Restock', 160, 36),
(39, 3, '2025-08-30 16:38:43', 'Restock', 171, 41),
(40, 54, '2025-10-19 11:16:07', 'Restock', 57, 12),
(41, 30, '2026-05-05 13:10:22', 'Consumption', 8, 43),
(42, 32, '2026-04-14 00:38:13', 'Restock', 183, 58),
(43, 37, '2026-06-05 04:17:20', 'Restock', 279, 27),
(44, 19, '2025-07-16 19:59:51', 'Restock', 194, 22),
(45, 19, '2026-02-08 09:41:10', 'Consumption', 12, 10),
(46, 12, '2026-01-25 22:57:01', 'Restock', 147, 23),
(47, 10, '2026-03-04 15:30:30', 'Restock', 105, NULL),
(48, 13, '2026-03-28 11:25:16', 'Consumption', 5, 52),
(49, 44, '2025-10-07 09:43:22', 'Restock', 242, 54),
(50, 52, '2025-12-07 18:31:59', 'Consumption', 8, 50),
(51, 35, '2025-09-23 17:25:07', 'Consumption', 2, 54),
(52, 29, '2026-01-16 02:16:45', 'Consumption', 17, 26),
(53, 8, '2025-08-11 07:02:20', 'Consumption', 13, 5),
(54, 43, '2025-08-03 13:39:37', 'Restock', 260, 4),
(55, 8, '2026-05-19 22:04:59', 'Consumption', 9, NULL),
(56, 10, '2026-01-25 06:27:04', 'Restock', 132, NULL),
(57, 26, '2026-05-18 05:13:48', 'Restock', 293, 27),
(58, 7, '2025-07-09 18:01:55', 'Consumption', 8, 18),
(59, 57, '2026-07-01 16:20:54', 'Consumption', 10, 4),
(60, 18, '2025-09-09 12:32:40', 'Consumption', 14, 39),
(61, 3, '2026-05-17 17:15:46', 'Consumption', 3, 32),
(62, 50, '2026-05-05 02:25:54', 'Restock', 91, 60),
(63, 34, '2025-08-04 07:06:34', 'Consumption', 17, 17),
(64, 26, '2025-09-06 11:26:22', 'Consumption', 8, NULL),
(65, 46, '2026-01-22 03:57:29', 'Consumption', 6, 59),
(66, 60, '2025-09-23 03:42:04', 'Consumption', 3, 14),
(67, 11, '2026-02-02 08:39:51', 'Consumption', 1, 15),
(68, 66, '2026-04-06 20:52:41', 'Restock', 131, 32),
(69, 45, '2026-06-07 19:50:58', 'Consumption', 7, 5),
(70, 38, '2025-09-25 21:04:25', 'Consumption', 19, NULL),
(71, 42, '2025-08-18 15:41:52', 'Consumption', 13, 3),
(72, 36, '2026-06-15 09:06:24', 'Consumption', 2, 14),
(73, 14, '2026-02-23 18:11:31', 'Consumption', 18, 10),
(74, 66, '2025-09-21 23:16:03', 'Consumption', 6, NULL),
(75, 12, '2025-10-02 03:43:33', 'Restock', 278, 35),
(76, 25, '2025-12-22 17:53:16', 'Consumption', 14, 35),
(77, 57, '2026-04-03 08:50:54', 'Consumption', 14, 15),
(78, 15, '2026-01-26 01:03:41', 'Restock', 95, 21),
(79, 44, '2026-03-10 21:25:50', 'Consumption', 15, 2),
(80, 55, '2025-08-01 14:39:37', 'Consumption', 4, 45),
(81, 64, '2025-09-14 00:33:46', 'Consumption', 13, 52),
(82, 47, '2026-06-03 06:13:25', 'Restock', 146, 6),
(83, 24, '2025-08-14 14:19:18', 'Consumption', 12, 11),
(84, 47, '2025-08-23 09:38:42', 'Consumption', 11, 29),
(85, 52, '2025-09-28 02:38:55', 'Consumption', 3, 50),
(86, 18, '2026-05-01 01:26:08', 'Consumption', 13, 49),
(87, 35, '2026-04-06 00:35:18', 'Consumption', 20, 19),
(88, 21, '2025-07-18 22:02:00', 'Consumption', 2, 52),
(89, 30, '2026-05-03 09:07:49', 'Consumption', 18, 47),
(90, 65, '2026-05-07 12:17:45', 'Restock', 215, 57),
(91, 66, '2025-12-25 16:27:06', 'Consumption', 3, 19),
(92, 65, '2025-08-16 12:59:44', 'Consumption', 2, 29),
(93, 23, '2026-03-02 07:08:08', 'Consumption', 18, 25),
(94, 24, '2025-08-09 22:21:21', 'Consumption', 20, 25),
(95, 9, '2026-03-10 13:59:53', 'Consumption', 15, 35),
(96, 20, '2026-03-12 05:36:13', 'Restock', 197, 33),
(97, 17, '2025-07-20 23:25:19', 'Consumption', 19, 48),
(98, 41, '2026-06-15 22:45:46', 'Consumption', 1, 12),
(99, 31, '2026-01-01 14:12:18', 'Consumption', 9, 43),
(100, 49, '2025-07-20 01:06:55', 'Consumption', 11, 37),
(101, 16, '2025-12-23 13:38:10', 'Consumption', 18, 48),
(102, 35, '2026-01-18 07:08:24', 'Consumption', 17, 38),
(103, 18, '2025-11-04 23:04:52', 'Consumption', 20, 41),
(104, 18, '2026-01-17 08:05:23', 'Consumption', 19, 51),
(105, 25, '2026-01-24 05:59:11', 'Consumption', 19, 22),
(106, 34, '2025-12-20 17:35:47', 'Consumption', 11, 49),
(107, 23, '2025-09-26 14:41:47', 'Restock', 137, 37),
(108, 29, '2026-06-17 13:28:23', 'Restock', 106, 39),
(109, 14, '2026-01-17 13:26:35', 'Consumption', 17, 46),
(110, 47, '2026-04-13 11:48:36', 'Consumption', 16, 25),
(111, 3, '2025-11-11 08:09:47', 'Consumption', 16, 19),
(112, 1, '2026-03-20 21:00:23', 'Consumption', 20, 44),
(113, 10, '2026-03-05 06:00:02', 'Restock', 78, 39),
(114, 7, '2025-07-20 03:07:53', 'Consumption', 11, 18),
(115, 47, '2025-11-28 16:31:04', 'Consumption', 10, NULL),
(116, 14, '2025-09-27 13:19:46', 'Consumption', 11, 14),
(117, 28, '2025-08-19 08:40:14', 'Restock', 171, 34),
(118, 55, '2026-05-14 09:40:32', 'Consumption', 11, NULL),
(119, 20, '2025-08-14 01:16:52', 'Consumption', 4, 50),
(120, 46, '2026-06-22 21:32:39', 'Consumption', 13, 8),
(121, 61, '2026-03-02 00:14:41', 'Consumption', 20, 9),
(122, 35, '2026-04-12 12:40:54', 'Consumption', 8, 34),
(123, 52, '2026-02-05 15:08:56', 'Consumption', 5, 36),
(124, 8, '2026-01-29 16:22:33', 'Restock', 271, 33),
(125, 57, '2025-12-20 18:34:34', 'Consumption', 6, 46),
(126, 44, '2026-05-20 12:21:43', 'Restock', 278, 35),
(127, 55, '2026-06-30 22:20:32', 'Restock', 253, 51),
(128, 37, '2025-08-30 03:01:16', 'Consumption', 5, 40),
(129, 55, '2025-07-04 01:26:04', 'Restock', 56, 55),
(130, 6, '2026-04-27 23:34:08', 'Consumption', 10, 15),
(131, 30, '2025-08-29 11:52:06', 'Consumption', 8, 57),
(132, 41, '2025-07-18 18:59:51', 'Consumption', 1, 31),
(133, 27, '2026-06-15 03:39:15', 'Consumption', 14, 12),
(134, 37, '2026-01-14 21:21:05', 'Consumption', 17, 25),
(135, 63, '2026-05-23 16:03:31', 'Consumption', 8, 58),
(136, 38, '2026-01-04 18:45:43', 'Consumption', 5, 9),
(137, 22, '2026-03-27 07:57:11', 'Restock', 123, 5),
(138, 23, '2025-08-02 04:35:53', 'Consumption', 4, 13),
(139, 26, '2025-08-17 02:08:51', 'Consumption', 1, 40),
(140, 49, '2025-11-12 17:49:24', 'Consumption', 3, 27),
(141, 21, '2026-03-30 06:00:34', 'Consumption', 18, 2),
(142, 61, '2025-10-01 12:44:46', 'Consumption', 3, 12),
(143, 62, '2026-04-14 22:51:18', 'Consumption', 9, 24),
(144, 35, '2025-07-17 11:50:55', 'Consumption', 13, 37),
(145, 19, '2026-06-08 16:30:50', 'Consumption', 17, 55),
(146, 49, '2026-01-17 01:55:59', 'Restock', 191, 7),
(147, 24, '2025-08-02 16:38:41', 'Consumption', 4, 12),
(148, 28, '2026-04-25 06:46:38', 'Consumption', 7, 42),
(149, 4, '2026-05-11 07:47:42', 'Consumption', 6, 37),
(150, 53, '2025-12-15 23:55:46', 'Restock', 294, 28),
(151, 10, '2025-10-30 06:03:51', 'Consumption', 8, 10),
(152, 42, '2026-04-03 07:23:52', 'Consumption', 8, 55),
(153, 41, '2026-03-08 23:28:09', 'Consumption', 10, 8),
(154, 60, '2026-01-18 10:33:10', 'Consumption', 16, 52),
(155, 32, '2025-11-07 21:01:48', 'Restock', 196, 56),
(156, 64, '2026-05-06 21:11:58', 'Consumption', 4, 29),
(157, 57, '2025-09-21 02:01:06', 'Consumption', 19, 5),
(158, 43, '2026-03-12 04:05:47', 'Consumption', 20, 34),
(159, 28, '2026-03-23 08:50:54', 'Consumption', 11, 36),
(160, 17, '2026-01-20 01:58:35', 'Consumption', 4, 24),
(161, 25, '2026-03-08 22:05:05', 'Consumption', 2, 36),
(162, 60, '2025-12-26 07:40:01', 'Consumption', 17, 29),
(163, 48, '2026-03-31 14:21:27', 'Consumption', 12, 41),
(164, 8, '2025-07-21 07:21:15', 'Restock', 286, 53),
(165, 3, '2026-05-27 02:59:09', 'Consumption', 10, 25),
(166, 42, '2025-09-22 07:38:51', 'Consumption', 3, 56),
(167, 12, '2026-04-27 12:40:45', 'Consumption', 5, 11),
(168, 4, '2026-03-19 07:01:17', 'Consumption', 7, 42),
(169, 8, '2026-01-29 17:06:56', 'Consumption', 7, 37),
(170, 11, '2025-08-28 05:17:09', 'Consumption', 19, 39),
(171, 51, '2025-10-15 05:43:51', 'Consumption', 5, 8),
(172, 16, '2026-01-26 16:59:12', 'Restock', 286, 30),
(173, 18, '2025-08-15 04:13:15', 'Consumption', 20, 44),
(174, 15, '2025-07-22 04:24:14', 'Consumption', 4, 12),
(175, 5, '2026-03-28 15:56:01', 'Consumption', 11, 60),
(176, 32, '2025-07-19 10:41:24', 'Consumption', 20, 14),
(177, 25, '2026-06-04 06:30:40', 'Consumption', 11, 1),
(178, 59, '2025-09-15 10:16:08', 'Consumption', 10, 7),
(179, 23, '2026-04-12 14:22:25', 'Consumption', 10, NULL),
(180, 18, '2026-06-06 11:53:33', 'Restock', 270, NULL),
(181, 18, '2026-04-29 07:03:02', 'Consumption', 10, 2),
(182, 47, '2025-08-03 23:51:12', 'Restock', 139, 54),
(183, 1, '2026-05-02 12:34:11', 'Restock', 104, 37),
(184, 17, '2025-08-19 08:19:57', 'Restock', 199, 2),
(185, 59, '2025-12-31 20:00:49', 'Consumption', 9, 60),
(186, 42, '2025-09-05 07:43:08', 'Consumption', 13, 60),
(187, 4, '2025-09-18 00:56:01', 'Consumption', 3, 50),
(188, 19, '2025-09-02 13:10:24', 'Restock', 288, NULL),
(189, 21, '2025-09-24 21:48:40', 'Consumption', 18, 4),
(190, 8, '2026-04-29 00:48:53', 'Consumption', 3, 56),
(191, 53, '2026-05-29 03:53:49', 'Consumption', 5, 34),
(192, 44, '2026-05-20 23:22:33', 'Consumption', 6, 44),
(193, 1, '2025-07-31 04:32:23', 'Consumption', 10, NULL),
(194, 3, '2026-05-24 16:26:15', 'Consumption', 13, 37),
(195, 48, '2026-02-12 21:29:08', 'Consumption', 10, 24),
(196, 45, '2025-11-06 17:27:38', 'Consumption', 14, 16),
(197, 14, '2025-08-26 01:36:23', 'Consumption', 9, 1),
(198, 8, '2025-07-20 07:32:40', 'Restock', 254, 8),
(199, 4, '2025-10-26 03:39:16', 'Restock', 238, 36),
(200, 58, '2026-03-22 01:33:06', 'Consumption', 3, 28);
INSERT INTO dbo.SupplyTransactions (TransactionID, SupplyID, TransactionDate, TransactionType, Quantity, StaffID) VALUES
(201, 2, '2026-04-30 01:06:35', 'Consumption', 12, 10),
(202, 14, '2025-08-13 07:07:02', 'Restock', 230, NULL),
(203, 66, '2026-02-22 08:20:40', 'Consumption', 15, 4),
(204, 43, '2026-01-01 19:19:19', 'Consumption', 2, 19),
(205, 36, '2025-08-28 07:09:22', 'Consumption', 7, 12),
(206, 4, '2026-03-28 12:56:14', 'Consumption', 14, 35),
(207, 58, '2025-07-16 07:26:52', 'Consumption', 14, 32),
(208, 16, '2025-10-11 22:05:55', 'Consumption', 11, 43),
(209, 52, '2026-02-09 14:19:53', 'Consumption', 15, 54),
(210, 56, '2026-03-26 08:45:29', 'Restock', 70, 5),
(211, 18, '2025-07-30 09:41:05', 'Consumption', 16, NULL),
(212, 52, '2026-05-17 21:27:22', 'Consumption', 4, 22),
(213, 4, '2026-04-28 17:40:55', 'Restock', 253, 29),
(214, 60, '2026-06-01 09:33:51', 'Consumption', 9, NULL),
(215, 31, '2026-04-15 22:58:36', 'Consumption', 18, NULL),
(216, 35, '2025-08-03 11:31:46', 'Consumption', 11, 46),
(217, 23, '2026-04-28 10:50:10', 'Consumption', 20, 3),
(218, 64, '2026-03-10 23:15:39', 'Restock', 151, 34),
(219, 29, '2026-06-16 04:22:45', 'Consumption', 7, 29),
(220, 54, '2026-01-27 13:54:30', 'Consumption', 18, 7),
(221, 13, '2026-03-06 17:28:20', 'Consumption', 16, 4),
(222, 35, '2025-10-02 07:40:47', 'Consumption', 6, 28),
(223, 66, '2025-08-28 22:13:45', 'Consumption', 20, 37),
(224, 58, '2025-11-13 06:00:45', 'Restock', 67, 59),
(225, 56, '2025-10-18 17:00:45', 'Restock', 294, 2),
(226, 7, '2025-08-15 14:57:16', 'Consumption', 18, 7),
(227, 8, '2026-05-19 22:51:23', 'Restock', 219, 2),
(228, 34, '2025-08-12 08:33:49', 'Consumption', 18, 52),
(229, 48, '2026-03-16 21:17:19', 'Consumption', 20, 39),
(230, 58, '2025-07-12 19:34:11', 'Restock', 279, 29),
(231, 65, '2025-07-16 02:34:14', 'Consumption', 10, 33),
(232, 52, '2025-08-31 16:25:51', 'Restock', 127, 11),
(233, 46, '2026-03-17 13:36:34', 'Consumption', 8, 29),
(234, 57, '2025-07-14 09:26:53', 'Restock', 188, 52),
(235, 6, '2025-10-01 06:52:41', 'Consumption', 11, 6),
(236, 49, '2026-05-28 03:03:34', 'Consumption', 10, 6),
(237, 21, '2025-11-16 06:01:12', 'Consumption', 16, 38),
(238, 55, '2026-01-17 21:03:57', 'Consumption', 17, 47),
(239, 62, '2025-12-29 08:20:59', 'Consumption', 2, 38),
(240, 16, '2025-08-27 12:54:39', 'Consumption', 3, 28),
(241, 55, '2026-03-07 10:20:39', 'Consumption', 18, 12),
(242, 29, '2026-02-21 21:09:17', 'Consumption', 13, 50),
(243, 51, '2026-02-01 23:17:20', 'Consumption', 2, 60),
(244, 37, '2025-11-13 22:16:30', 'Restock', 146, 16),
(245, 55, '2025-08-03 16:09:48', 'Consumption', 15, 10),
(246, 2, '2025-09-20 12:56:45', 'Consumption', 11, 10),
(247, 32, '2025-09-03 00:00:44', 'Restock', 154, 35),
(248, 65, '2025-11-14 19:27:53', 'Restock', 295, 15),
(249, 52, '2026-02-09 05:00:17', 'Consumption', 17, 3),
(250, 34, '2026-03-27 16:12:29', 'Consumption', 5, 49),
(251, 9, '2025-12-01 02:41:20', 'Consumption', 20, 6),
(252, 28, '2025-11-05 13:01:30', 'Restock', 78, 49),
(253, 21, '2025-08-25 08:28:13', 'Restock', 273, 27),
(254, 28, '2025-10-04 09:03:07', 'Consumption', 14, 22),
(255, 6, '2026-01-22 12:06:14', 'Restock', 132, 7),
(256, 3, '2025-12-02 18:02:38', 'Restock', 142, 18),
(257, 19, '2025-12-10 23:40:34', 'Consumption', 20, NULL),
(258, 5, '2026-04-17 15:09:37', 'Restock', 228, 2),
(259, 52, '2025-08-03 18:46:45', 'Restock', 170, 31),
(260, 17, '2026-04-06 22:57:19', 'Consumption', 20, 49),
(261, 6, '2026-04-09 05:17:45', 'Consumption', 1, 30),
(262, 13, '2025-08-23 08:14:44', 'Consumption', 15, 34),
(263, 42, '2026-04-06 15:22:16', 'Consumption', 13, 17),
(264, 32, '2026-04-08 16:01:57', 'Consumption', 19, 40),
(265, 40, '2025-08-16 11:55:03', 'Restock', 147, 45),
(266, 44, '2025-08-26 04:31:08', 'Consumption', 11, 4),
(267, 18, '2026-06-17 17:23:40', 'Consumption', 6, NULL),
(268, 47, '2025-12-27 04:07:42', 'Consumption', 13, 3),
(269, 10, '2025-10-25 21:41:59', 'Consumption', 14, 4),
(270, 51, '2026-05-28 04:34:44', 'Consumption', 11, 46),
(271, 13, '2025-07-29 13:47:54', 'Consumption', 9, 39),
(272, 63, '2026-04-20 10:57:50', 'Consumption', 1, 42),
(273, 18, '2025-11-28 13:42:07', 'Consumption', 19, 4),
(274, 49, '2026-04-12 22:19:58', 'Consumption', 9, 48),
(275, 56, '2026-02-09 09:32:38', 'Consumption', 14, NULL),
(276, 21, '2026-01-03 17:50:29', 'Consumption', 10, 56),
(277, 57, '2025-12-05 11:36:43', 'Consumption', 1, 51),
(278, 29, '2026-02-03 04:45:51', 'Consumption', 17, 2),
(279, 32, '2026-01-12 04:45:45', 'Restock', 144, 26),
(280, 24, '2025-08-25 14:26:08', 'Restock', 136, 4),
(281, 43, '2025-07-05 15:29:30', 'Consumption', 12, 4),
(282, 21, '2025-10-01 16:27:14', 'Restock', 80, 19),
(283, 55, '2025-12-07 14:36:30', 'Restock', 172, 31),
(284, 18, '2025-07-15 03:46:26', 'Restock', 206, NULL),
(285, 11, '2026-03-15 09:08:45', 'Consumption', 4, NULL),
(286, 50, '2025-07-08 03:56:41', 'Restock', 51, 35),
(287, 61, '2026-04-13 04:39:17', 'Consumption', 13, 32),
(288, 26, '2025-12-31 16:10:07', 'Restock', 94, 57),
(289, 2, '2026-01-26 09:34:47', 'Restock', 119, 46),
(290, 22, '2025-08-26 05:59:37', 'Consumption', 14, NULL),
(291, 7, '2026-03-03 12:27:26', 'Consumption', 9, 49),
(292, 30, '2026-03-30 01:45:03', 'Consumption', 19, 56),
(293, 60, '2026-03-21 06:21:55', 'Consumption', 6, 17),
(294, 40, '2026-03-15 11:48:26', 'Consumption', 18, 15),
(295, 33, '2026-06-12 15:37:40', 'Consumption', 9, NULL),
(296, 33, '2025-12-21 05:18:09', 'Consumption', 12, 30),
(297, 26, '2025-09-17 16:17:28', 'Restock', 69, 13),
(298, 37, '2026-03-09 22:36:08', 'Restock', 207, 47),
(299, 11, '2026-06-06 10:41:05', 'Consumption', 13, 16),
(300, 22, '2026-04-11 19:37:14', 'Consumption', 1, 54),
(301, 49, '2026-07-01 00:27:33', 'Consumption', 3, 23),
(302, 8, '2025-11-04 01:31:06', 'Restock', 67, 25),
(303, 33, '2026-05-08 08:21:26', 'Consumption', 7, NULL),
(304, 42, '2026-05-16 08:21:12', 'Consumption', 17, 18),
(305, 43, '2026-06-24 23:05:48', 'Restock', 275, 3),
(306, 14, '2025-11-24 18:43:15', 'Consumption', 13, 33),
(307, 9, '2025-11-08 09:15:43', 'Restock', 138, 18),
(308, 47, '2026-03-30 07:39:19', 'Consumption', 14, NULL),
(309, 47, '2026-02-16 20:06:53', 'Consumption', 16, 14),
(310, 14, '2025-09-02 05:21:18', 'Consumption', 11, 39),
(311, 59, '2026-04-02 14:03:13', 'Restock', 181, 56),
(312, 55, '2026-06-19 21:48:12', 'Restock', 185, 10),
(313, 8, '2025-09-07 17:27:08', 'Consumption', 11, 45),
(314, 14, '2026-01-09 08:28:00', 'Consumption', 15, 17),
(315, 5, '2026-04-03 13:53:02', 'Restock', 270, 39),
(316, 33, '2026-04-12 23:37:06', 'Consumption', 5, 54),
(317, 29, '2026-04-17 03:45:27', 'Consumption', 6, 16),
(318, 20, '2025-07-16 14:16:06', 'Restock', 215, 32),
(319, 21, '2026-03-22 18:44:20', 'Restock', 195, 12),
(320, 7, '2025-09-13 04:24:36', 'Consumption', 18, 11),
(321, 6, '2025-07-02 00:35:33', 'Restock', 53, 12),
(322, 9, '2025-08-28 01:38:58', 'Consumption', 13, 25),
(323, 4, '2026-06-12 17:30:25', 'Consumption', 20, 36),
(324, 50, '2025-11-29 06:53:38', 'Consumption', 18, NULL),
(325, 48, '2025-10-29 20:08:07', 'Consumption', 3, 59),
(326, 38, '2026-04-28 18:34:50', 'Restock', 216, 6),
(327, 7, '2026-04-08 23:21:24', 'Restock', 120, 49),
(328, 18, '2025-12-09 03:33:20', 'Consumption', 10, 38),
(329, 5, '2026-01-23 06:38:24', 'Consumption', 1, 49),
(330, 1, '2026-04-28 13:48:21', 'Consumption', 9, 48),
(331, 57, '2026-06-18 01:40:39', 'Restock', 134, NULL),
(332, 56, '2025-08-07 00:28:29', 'Consumption', 13, 6),
(333, 51, '2025-08-16 08:11:04', 'Restock', 126, 46),
(334, 37, '2026-01-21 22:21:33', 'Consumption', 15, 7),
(335, 35, '2026-05-11 00:32:51', 'Restock', 170, NULL),
(336, 48, '2026-04-07 07:21:56', 'Restock', 244, 27),
(337, 38, '2026-04-16 22:38:24', 'Consumption', 13, 37),
(338, 52, '2026-03-28 08:31:21', 'Consumption', 20, 1),
(339, 56, '2025-08-30 17:12:08', 'Consumption', 17, 37),
(340, 63, '2026-04-29 15:36:37', 'Restock', 68, 24),
(341, 24, '2026-01-10 00:51:03', 'Consumption', 3, 58),
(342, 31, '2026-06-25 13:03:10', 'Consumption', 3, 57),
(343, 59, '2025-10-04 13:50:25', 'Restock', 211, 36),
(344, 2, '2026-04-19 13:25:05', 'Consumption', 3, 1),
(345, 18, '2026-03-19 11:26:43', 'Restock', 250, 22),
(346, 16, '2026-06-09 05:01:23', 'Consumption', 15, 6),
(347, 63, '2025-08-19 19:43:36', 'Consumption', 20, 5),
(348, 19, '2025-09-09 15:51:53', 'Consumption', 20, 26),
(349, 35, '2025-12-19 18:38:58', 'Consumption', 5, 31),
(350, 10, '2025-11-14 04:48:07', 'Consumption', 9, 24),
(351, 14, '2026-03-06 01:39:06', 'Restock', 138, 24),
(352, 41, '2026-04-22 05:09:11', 'Consumption', 17, 55),
(353, 17, '2026-06-29 20:55:03', 'Restock', 143, 1),
(354, 3, '2026-01-21 07:59:37', 'Restock', 62, NULL),
(355, 44, '2025-09-08 10:08:16', 'Consumption', 2, 14),
(356, 61, '2026-05-09 11:56:44', 'Restock', 178, 36),
(357, 36, '2026-03-22 06:39:15', 'Consumption', 3, 42),
(358, 21, '2026-01-31 02:38:21', 'Consumption', 15, 9),
(359, 50, '2026-01-08 00:13:38', 'Restock', 188, 51),
(360, 62, '2026-06-23 02:08:53', 'Consumption', 12, 42),
(361, 12, '2025-09-30 16:53:14', 'Consumption', 12, 40),
(362, 14, '2025-10-04 15:33:40', 'Restock', 218, NULL),
(363, 11, '2026-02-11 01:56:18', 'Consumption', 2, 15),
(364, 18, '2026-02-06 21:36:50', 'Consumption', 2, 52),
(365, 41, '2026-06-24 23:47:54', 'Consumption', 1, 17),
(366, 12, '2026-06-30 11:54:50', 'Restock', 196, 36),
(367, 38, '2026-02-25 15:02:39', 'Consumption', 5, 34),
(368, 28, '2025-11-09 10:09:32', 'Restock', 155, 39),
(369, 61, '2026-05-16 18:44:18', 'Restock', 155, 6),
(370, 19, '2026-04-02 03:00:32', 'Restock', 101, 52),
(371, 28, '2025-11-10 12:05:53', 'Restock', 235, 3),
(372, 6, '2025-10-22 06:40:09', 'Consumption', 18, 26),
(373, 9, '2026-01-01 15:56:29', 'Consumption', 10, 57),
(374, 33, '2025-09-16 15:18:58', 'Consumption', 8, 59),
(375, 8, '2025-07-20 15:37:44', 'Consumption', 9, 28),
(376, 58, '2025-11-06 10:54:25', 'Consumption', 18, 46),
(377, 65, '2025-10-25 13:55:51', 'Consumption', 10, 21),
(378, 39, '2025-12-19 01:55:56', 'Consumption', 5, 22),
(379, 58, '2026-01-18 13:06:39', 'Restock', 287, 4),
(380, 58, '2026-01-20 05:48:20', 'Consumption', 12, NULL),
(381, 27, '2025-12-18 11:48:59', 'Consumption', 1, 35),
(382, 14, '2026-05-04 03:42:12', 'Consumption', 10, 43),
(383, 30, '2026-03-17 14:07:22', 'Consumption', 3, 30),
(384, 13, '2025-11-29 16:12:31', 'Consumption', 1, 52),
(385, 50, '2026-01-24 22:36:33', 'Consumption', 6, 2),
(386, 48, '2025-11-15 03:01:39', 'Restock', 130, 60),
(387, 23, '2025-09-08 06:38:06', 'Restock', 278, NULL),
(388, 57, '2025-12-30 02:10:01', 'Restock', 250, 37),
(389, 2, '2025-07-26 02:52:26', 'Consumption', 14, 45),
(390, 41, '2025-10-02 12:38:05', 'Consumption', 7, 60),
(391, 34, '2025-11-22 01:35:44', 'Consumption', 20, 29),
(392, 64, '2025-09-05 16:52:57', 'Consumption', 15, 55),
(393, 7, '2026-01-04 23:26:39', 'Restock', 231, 44),
(394, 4, '2025-07-25 00:21:14', 'Restock', 220, 5),
(395, 51, '2025-07-07 07:24:02', 'Consumption', 20, 20),
(396, 16, '2025-10-18 15:35:52', 'Consumption', 12, 3),
(397, 6, '2026-04-04 10:55:07', 'Consumption', 10, NULL),
(398, 13, '2026-05-12 06:20:40', 'Restock', 217, 40),
(399, 46, '2026-04-17 12:23:45', 'Consumption', 8, 44),
(400, 19, '2025-07-31 14:50:19', 'Consumption', 13, NULL);
GO

